"officer_badge_number","officer_name"
"5017","Carlton Kuhlman"
"5280","Sheila Greene"
"10893","Thomas Chaffin"
"7752","Andre Taylor"
"6130","Stephen Fangman"
"7912","Charles Boyd"
"7208","Paul Brightmon Jr"
"8127","Kevin Bryant"
"8173","Reginald Jones"
"10165","Christopher Worden"
"10051","Leland Limbaugh"
"10434","Steven Sprong"
"10492","Jacob Deloof"
"8300","Adam Leventhal"
"5300","Brent Duffield"
"9375","Archie Hilburn"
"9792","Mandy Sweet"
"10269","Bernardo Bueno"
"8782","Larry Taylor"
"10015","Jennifer Turano"
"10354","Ryan Barnett"
"8999","Brian Halpain"
"10435","Michael Griffin"
"9002","Nicolo Novello"
"8225","Lawrence Christian"
"9912","Rex Nauman"
"","NA "
"9754","Detric Hampton"
"8880","Tiffany Mercado"
"9643","Jason Born"
"9573","Jose Lemus Jr."
"8265","Ronald Workman"
"6826","Johnny Crook"
"6199","Michael Arnold"
"10754","Britnie Weddle"
"6017","Kelli Smythe"
"9096","Tony Black"
"6808","Russell Trask"
"10610","Taylor Smith"
"8090","Eucora Gray"
"10554","Justin Crosbie"
"5194","Sandra Ortega-Deking"
"10382","Kenneth Brown"
"3717","Herbert Ebsen"
"7260","Michael Scott"
"9479","Bryan Joseph"
"M198","Teashia Rusk"
"10456","Emily Bailey"
"8216","Gershwin Howard"
"7420","Patrick Starr"
"8401","Charles Jeffers"
"9662","Jose De La Rocha"
"10831","Tiffany Harrison"
"7277","Edgar Perez"
"10609","Lequita Garrett"
"10401","Shane Anderson"
"10259","Kelvin Rattler"
"5867","Danneil Johnson"
"4838","Edward Matis Jr"
"6533","William Cowley"
"10477","April Mcleod"
"10083","Ryan Mabry"
"10701","Lontrell Tatum"
"10768","Rv Kerr"
"7967","Ronald Kramer Ii"
"4902","Robert O'connor"
"10812","Kennetta Pate"
"7056","Tonya Coleman"
"9067","Christopher Wright"
"10815","Shatara Lemons"
"8164","Tho Ho"
"D205","Stevie Forrest"
"5494","Steven Degroff"
"8425","Daniel Waller Jr"
"10874","Justin Jacobson"
"9676","Adan Marez Jr"
"10929","Sergio Garcia"
"6815","Sharlet Lewis"
"9771","Eloy Sanchez"
"9831","Jeremy Veal"
"9818","James Songer"
"10367","John Balli"
"10455","Jon Lumbley"
"10549","Kirk Hesse"
"6636","Darlene Pittman"
"8955","Thad Stinson"
"M161","Matthew Elliott"
"9764","Richard Ruckstaetter"
"8217","Joe Sato"
"7583","Bradford Davis"
"9995","Jedidiah Hatfield"
"49987","Dana Jefferson"
"117161","Tiffany Jones"
"9397","Ramon Salgado"
"7132","Jenny Nance"
"9158","Mario Tamez"
"8677","John Ciesiolka"
"5603","Larry Hooks"
"9102","Tommy Roeske"
"9788","Tyler Prothro"
"10437","Phillip Peterson"
"9354","James Covey"
"10284","Josue Rodriguez"
"9867","Celeste Burnett"
"10585","Ivan Portillo"
"10591","Josefina Acosta"
"9376","Brittany Romanek"
"10586","Brennan Pruett"
"7270","Jaime Leal"
"7858","Miguel Almeida"
"10647","Brian Everitt"
"9370","Daniel Jamieson"
"10268","Krystal Woods"
"7451","Diana Mullen"
"6374","William Brakefield"
"10531","Carreon Dago"
"9654","Wayi Bandas"
"5957","Melissa Coody"
"5632","Ernest Perez"
"7525","Moises Ochoa"
"8819","Alvaro Ortiz"
"9049","Alyssa Wadas"
"9217","Michael Krol"
"6691","Russell Binion"
"8763","Sergio Chavarria"
"10700","Adam Jasionowski"
"7857","Derrick Walker"
"6138","Kimberly Stratman"
"9609","John Rogers"
"5373","Danny Watley"
"7795","Jeffrey Jones"
"7309","Johnny Tadlock"
"7716","Willie Mark Jr"
"9355","Shawn Ruffing"
"6562","Terry Labs"
"8395","Ted Beyer"
"9225","Ryan Barber"
"M168","Leopold Ybarra"
"6759","Eduardo Ibarra"
"M205","Lyle Valentich"
"10639","Ian Greene"
"8900","Richard Pederson"
"94392","Linda Willis"
"10467","Christina Mattox"
"10427","Brandon Gailliard"
"9220","Kenneth D'loughy"
"10224","Jeremy Oates"
"7014","Antonio Rivera"
"10733","Juan Saldana"
"9151","Ryan Fritts"
"9251","Mark Blalock"
"10663","Holly Carter"
"9245","Jason Winn"
"8336","Ronnie Ferdinand Jr"
"10573","James Smith"
"4979","Harold Lewis"
"4382","Charles Young Ii"
"7510","Tonia Black"
"6056","Samuel Hussey"
"5365","Cynthia Stewart"
"10534","Deandre Taylor"
"10430","Thaimonti Williams"
"5503","Booker Wolfe Iii"
"10510","Dario Vinson"
"7602","Rennie Perez"
"54292","Angela Mahomes"
"6093","Gary Burch"
"8582","James Stambaugh"
"9716","Valerie Womack"
"5293","Roman Kilgore"
"10670","Roberto Yanez"
"9365","Joon Kim"
"9333","Daylon Grandberry"
"5461","Ricky Mcgee"
"6424","Arnold Brown"
"6195","Cobby Morrison"
"7757","John Barton"
"8751","Victor Wingfield"
"7869","Tracey Clemons"
"9180","Andrew Lynch"
"10522","Martin Heard"
"9923","Anthony Frucci"
"9530","Raymond Bumgarner"
"10517","Brian Cowan"
"10600","David Farrington"
"10512","Alexander Lipsey"
"9436","Josue Jimenez"
"10499","Claudia Zuniga"
"10461","Derrick Harland"
"10564","Joseph Mcclanahan"
"8729","John Ross"
"3740","Roberto Garcia Jr"
"6318","Michael Horton"
"7127","Kevin Carter"
"10666","Shannon Balster"
"10417","John Tiliacos"
"10945","Jennifer Richards"
"10442","Samantha Salazar"
"10621","Jermario Hall"
"5716","Larry Davis"
"10673","Gabrie Dominguez"
"9490","Anthony Miles"
"10542","Raungi Jones"
"10468","Lacie Darnell"
"7687","Brian Tabor"
"10580","Justin Boyd"
"9702","Daniel Razo"
"9878","Tracy Forsha"
"9543","Reggie Gonzalez"
"8595","Reginald Knox"
"8719","Juan Delgado-Cabrera"
"10559","Trent Dooley"
"9900","Michael Friend Jr."
"10200","Taurean Stephens"
"9140","Tashonda Wesley"
"8487","Saint Nelson"
"9779","Brian Fillingim"
"8156","Natasha Blocker"
"8807","Christopher Dorward"
"8405","Justin Bernil"
"10374","Nancy Rodriguez-Maya"
"10897","Willie Pippen"
"5470","Lee Bollinger"
"7066","Nicole Walton-May"
"10310","Ryan Walls"
"10241","Miss Kirkland"
"6656","Steven Jankowski"
"4157","Robert Coleman"
"5219","Sheldon Smythe"
"6412","Gregory Johnson"
"5305","Gregory Fanucci"
"10868","Carlos Rodriguez"
"5401","John Drennan"
"10731","James Peeler"
"8506","Robin Swan"
"8311","Quinn Huntley"
"10096","Patrick Thull"
"9838","Celso Rocha"
"10823","Phouvanh Chanthahaengxay"
"10520","Phillip Wheeler"
"8726","Alvin Ball"
"10871","Darin Harris"
"10664","Anthony Heims"
"6345","Leon Surles"
"10596","Kevin Murphy"
"9188","Brandon Bray"
"6270","David Feinstein"
"9136","Paul James"
"5181","Dennis Spears"
"10279","Chinh Weltman"
"10380","Bianca Rincon"
"9421","Starr Evans"
"6654","Michael Phillips"
"8886","Brian Friedrichs"
"10922","Dominique Williams"
"108680","Marcus Sasser Sr."
"9433","Alex Garcia"
"10339","David Wilson"
"10498","Sean Pease"
"6915","Anthony Leonard"
"8167","David Robinson"
"10891","Arturo Perez"
"10895","Christopher Hankins"
"9026","Paul Ford"
"8892","Micheal Johnson"
"10479","Aubri Johnson"
"8697","Ashley Rios"
"10889","Philip Dehoyos"
"9564","Jeffrey Johnson"
"10860","Jeffrey Gaston"
"9924","Jason Russell"
"10854","Justin Barger"
"10722","Peter Lickwar"
"7128","Franklin Treigle Jr"
"8818","Amanda Precourt"
"8918","Jonathan Bruinsma"
"10903","Leland Operacz"
"9647","Paul Thayer"
"10798","Jerry Tames"
"7729","David Yzaguirre"
"10813","Emanuel Paulos"
"9622","Humberto Giovannini"
"10180","Matthew Shuler"
"10873","Brett Salsman"
"8792","Cassie Dotsy"
"8289","Singh Boulom"
"10885","Hung Pham"
"8556","Patrick Burke"
"10338","Earnest Thomas"
"8062","Archie Beason"
"10171","James Mcmahan"
"6293","Gary Collins"
"10917","Timothy Stinson"
"6751","Paul Campopiano Iii"
"10949","Douglas Moore"
"6832","Gary Sanders"
"5286","David Ruiz"
"6650","Rhonda Karnes"
"10948","Baylen Clegg"
"9735","Robert Kamphouse"
"5116","John Airaghi"
"10906","Ezekwesiri Nduka"
"5182","Lorelei Tanney"
"10436","Michael Jester"
"7476","Christopher Gibson"
"10913","Jacob Busken"
"10683","Frank Johnson"
"10321","Christopher Aagre"
"9082","Johnathan Taylor"
"9524","Michael Dewilde"
"8481","Otha Hampton Jr"
"4800","David Detamble"
"10704","Russell Mayle"
"4665","Rodney Nevils"
"9916","Lloyd Mcinnis Ll"
"9890","Jonathan Fenstermacher"
"9704","Jc Stuard"
"9515","Anthony Wardsworth"
"6066","Paul Bescherer"
"10005","Richard Ruiz"
"6297","Robert Baudendistel"
"10779","Mark Kelly"
"116113","Ariana Holmes"
"4557","Kenneth Budjenska"
"10230","Cody Shaklee"
"10862","Kevin Mathew"
"10239","Trevis Graham"
"9265","Andrea Shipp"
"10632","Paul Kessenich"
"10724","J Branden Helms"
"10907","Garrett Volz"
"10946","Ariel Padilla-Lugo"
"10947","Paris Chambers"
"9267","Richard Melo"
"10941","Drew Astle"
"10727","Joshua Irvin"
"10901","Calvin Hudson"
"6250","John Puente"
"10099","Quinton Furr"
"10394","Benjamin Sivess"
"10902","Chris Leiva"
"6943","Jack Hurd"
"6970","William Martinez"
"10352","Ryan Lowman"
"9799","Patrick Roth"
"10526","De'arrius Jones"
"8266","Brett Brown"
"9358","Johnny Green"
"9848","Gerardo Juarez"
"10918","Chase Howland"
"9554","Joseph Kennard"
"10896","Brett Miner"
"10726","Stephan Kendall"
"9731","Ricardo Ramirez"
"10708","Colin Smythe"
"10880","Kevin Pfister"
"10905","Jeremiah Hare"
"10911","Jared Krupa"
"10661","Carlos Jaramillo"
"10419","Ashton Hunter"
"9979","Nicholas Pierce"
"5842","Clarence Chapman"
"4411","James Byerly Jr"
"10655","Raashid Brown"
"10207","Jeffrey Berry"
"10869","Rachel Rice"
"10692","David Barnett Iii"
"9762","Paul Strange Jr."
"10307","Jana Brewster"
"7953","Gracie Hernandez"
"10074","Adam Constantine"
"4543","Constance Kendall"
"5324","Michael Potter"
"10115","Jason Amaro"
"10944","Rowdy Spradling"
"7352","Woodruff Leel"
"10821","Lauren Bolton"
"10858","James Gordon"
"10745","Agustin Ramirez Iii"
"9883","David Hernandez"
"4697","Richard Elwonger"
"6303","Eduardo Pacheco"
"5230","Jon Lumbley"
"7253","Derrick Banks"
"6885","Ceaphus Gordon Iii"
"8441","Marcus Howland"
"8563","Joshua Vogel"
"9821","Daniel Sullivan"
"6366","Mark Johnson"
"6819","Roberto Blanco"
"10685","Jerri Rowe"
"7035","Ray Mccampbell"
"10489","Vasquez Danny"
"10366","David Sanchez"
"8728","Kevin Stovall"
"10908","Fernando Garcia"
"8924","Christopher Timms"
"8484","An Cao"
"9877","Brandon Roberson"
"4796","Brett Binford"
"9822","Sergio Betancourt"
"9639","Corey Cardoza"
"10422","Fernando Silva"
"10806","Tiffany Williams"
"10710","Mark Collins"
"9133","Joshua Sims"
"6236","James Perry"
"10762","Marcus French"
"10842","Justin Parker"
"7434","Gerardo Monreal"
"7970","Agustin Martinez Jr"
"6774","Albert Chacon"
"10577","James Vanarsdall"
"4776","Richard Balluch"
"10551","James Macdonald"
"9465","Titania Richard"
"10912","Ashley Townsend"
"7340","Joel Reyes"
"4491","Donald Waterson"
"6457","Michael Baesa"
"10930","Brian Lauer"
"9596","Rashad Allen"
"5273","Bruce Lankford"
"5705","John Burke"
"10925","Todd Harlan"
"10640","Theron Akin"
"8071","Steven Brown"
"10863","Brett Meldrum"
"106291","Diane Belaye"
"10950","Danquell Cameron"
"8267","Geoffrey Pettay"
"9349","J'ron Morrison"
"10439","James Keteltas"
"8240","Thomas White"
"8574","Michael Begin"
"6452","Kimberley Jenkins"
"8779","Mitchell Hamm"
"10604","Jeanette Weng"
"10662","Andres Sanchez"
"10182","Kirk Johnson"
"10935","Michael Pence"
"10870","Kenneth Castoral"
"8569","Bradley Hance"
"9211","Omari Artist"
"10841","Andy Blume"
"7837","Jason Trahan"
"6960","Ransom Funches"
"6569","Alexander Tarrant"
"10598","Christopher Schaller"
"10758","Kenny Solis"
"5729","Patricia Thompkins"
"6181","Thomas Prentice"
"10351","Michael Bono"
"9401","Jason Randolph-Phillips"
"9386","Bradley Smith"
"9362","Adrienne Blake"
"9994","Michael Slay"
"9570","Michael Carr"
"10184","Brian Price"
"9630","Andre Lawson"
"8783","Christopher Klein"
"9863","Albert Alvarez"
"10844","Gerardo Munoz"
"9332","Ruth Fink"
"9694","Matthew Rushing"
"10652","Jared Waddle"
"5909","Stanley Reed Jr"
"10934","Rogelio Santander"
"10790","Sergio Longoria"
"6585","Kevin Keim"
"9587","Noel Moore"
"10690","Derek Williams"
"6060","Michael Shaw"
"9214","Neil Becker"
"10362","Lamar Glass"
"10641","Jonathan Sherman"
"10878","Destiny Bailey"
"6743","Yvonne Abrom"
"8427","Jabari Howard"
"5908","Kevin Willis"
"9910","Jeffrey Labarba"
"4928","Scott Whitemyer"
"8858","David Coffie"
"6749","Andrew Schultz"
"10217","Brandon Koch"
"8905","Michael Westphal"
"10280","Karen Eguia"
"10541","Amber Roman"
"5148","Roosevelt Holiday"
"10462","Jeanette Kelly"
"9309","Timothy Cordova"
"8315","Keith Geissler"
"5900","Ricky Adams"
"8133","Cory Adams"
"10318","Justin Moore"
"9663","Michael Lawter"
"6870","Toni Jarvis"
"10916","Brian Davis"
"9844","Gary Smith Jr"
"9423","Jack Jernigan"
"10215","Rachel Valarezo"
"6607","Jeffrey Jacobs"
"10753","Justin Johnson"
"8137","Brian Jones"
"10500","Will Hutchins"
"9879","Bradley Hanlon"
"10364","Marcel Gotzmann"
"3162","Fernando Moncibais"
"10313","Andrew Knoebel"
"8952","Sharifa Williams"
"7026","Kathryn Harris"
"10761","Adrian Mcneal"
"6981","Brad Williams"
"10294","Robert Wright"
"6469","Michael Dana"
"7552","Michael Yarbrough"
"8882","Terran Dickerson"
"10565","Alexander Zabriskie"
"10605","Bethany Knutson"
"7001","Marco Salais"
"9809","James St Clair Jr"
"10811","Nicholas Stolarzyk"
"6700","George Francis Jr"
"10856","Sean Ryan"
"10826","Ryan Hoffman"
"9884","Victor Guzman"
"10638","Kelly Kaltenbacher"
"9000","Jose Bernal"
"10658","Jean Valentin-Bello"
"9413","Hiram Soler"
"7145","Percy Trimble Jr"
"9648","Colwin Dennis"
"10303","Ashley Oliver"
"10822","Kristopher Trotter"
"8642","Paul Loughridge"
"10161","Tinisha Blanton"
"8895","Michael Fontenot"
"10519","Cathy Odhiambo"
"10793","Kevin Sund"
"10807","Justin Preibisius"
"9458","Daniel Malouf"
"10792","Bianca Dennis"
"8909","Karlon Bedford"
"10879","Keith Dibble"
"8185","Latricia Rodgers"
"R040","Gary Miller"
"10951","Deantae Lynwood"
"10428","Penelope Bernal"
"6835","David Gomez"
"9487","Tyler Waterhouse"
"10877","Mark Turpin"
"10682","Christina Vandergriff"
"7741","Corey Parker"
"10931","Joseph Rogers"
"10409","Israel Marquez"
"5750","Donna Ross"
"10846","Miguel Cisneros"
"9770","Jared Pomponio"
"7590","A D Matthews"
"9307","Marqus Mccuin"
"9829","Brandi Woodin"
"10219","Michael Coggins"
"7744","Yolanda Cotton"
"8940","Christopher Larue"
"7584","Shelby Nowak-Chacon"
"10093","Talmadge Markham"
"9197","Michael Perry"
"10940","James Hudson"
"10289","Manuel Ortiz"
"10867","Lakesha Hardeman"
"9250","Mitchell Bieker"
"10613","Sean Robinson"
"10481","Ezekiel Rubio"
"10181","Ebony Harris"
"10718","Cindy Armstrong"
"9948","Anthony Colon"
"9636","John Boucher"
"10228","Darrell Stevens"
"8065","Dean Winfield"
"9248","Jason Carr"
"9699","Mario Cantu"
"7466","Nathan Kisner"
"9903","William Hughes Jr."
"10910","Craig Turner"
"5187","Thomas Schaeffer"
"10882","Lauri Gutierrez"
"6395","Joseph Mccoy Jr"
"8707","Barbara Ausborne"
"9955","Demetria Allen"
"9810","Kevin Hayden"
"10933","Daniel Kessenich"
"6741","Christopher Jackson"
"9089","Jason Smith"
"10451","Mia Alvarez"
"10391","Waylon Osborn"
"7616","Oscar Carter"
"8295","Brian Fry"
"9957","Luis Torres"
"7971","Jesse Woods"
"6153","Thomas Clayton"
"5714","James Fung"
"10583","Shawn Thomas"
"10075","Brian Bradley"
"10466","Darren Burch"
"8965","Ryan Vertz"
"9489","Jamie Mixon"
"7821","Kenneth Gardner"
"9791","Jasper Moss Iii"
"8626","Briggitte Anderson"
"9599","Samantha Crenshaw"
"6009","Darrin Branch"
"4694","Garen Cornett"
"5777","Joseph Desonier"
"10628","Charles Crochett"
"5455","Fredrick Akon"
"6850","Charles James Jr"
"10206","Soo Nam"
"8831","Gerald Parker"
"4682","Esther Echols"
"7875","Jeffrey Beezley"
"6441","Patrick Mcfall"
"9640","Rickey Willis"
"7402","Fidel Ortiz Jr"
"10784","Asia Shaw"
"10603","Danica Knutson"
"10703","John Eubanks"
"10719","Jesus Tovar"
"10778","Byron Stewart Jr"
"10919","Shane Carney"
"10336","Jamison Gross"
"9499","Courtney Moore"
"10170","Adam Kuschel"
"10623","Carlos Mandes"
"8781","Andrew Gregorich"
"10620","Mauricio Garcia"
"9164","Crystal Morganfield"
"10921","David Igarashi"
"7790","Phillip Rhodes"
"9247","Camron Garst"
"10937","Chase Morris"
"8302","Dung Pham"
"10125","Nedra Wilson"
"9815","David Clark"
"10622","Christopher Blow"
"7855","Keith Harner"
"6301","Paul Burbulys"
"7683","Susan Mcclenon"
"9705","Patrick Sadler"
"8337","Michael Taglienti"
"8693","Rene Sanchez"
"9157","Daniel Hale"
"10331","Jorge Barrientos"
"9163","Joshua Shipp"
"5789","Carlos Guerra Jr"
"9463","Sean Barth"
"10030","Jorge Hernandez"
"10834","Ayomide Adeshina"
"5421","Evelyn Powell"
"9658","Sonya Empy"
"10204","Nacole Belmonte"
"9278","Jonathon Beamon"
"10094","Jeffrey Purdy"
"10832","Brandon Odom"
"10688","Matthew Henry"
"8525","Joshua Crenshaw"
"10744","Priscilla Hernandez"
"9417","Marcell Ford"
"10859","Thomas Goers"
"8830","Matthew Merta"
"10285","Randall Mays"
"5484","Earl Givens Iii"
"10702","Amber Guyger"
"9798","Tyrone Williams Jr."
"9111","Matthew Parson"
"6363","Eric Ricklic"
"7618","Avery Redd"
"9448","Jesse Philips"
"9933","Kenneth Dietrich"
"10829","Leon Rademacher Iii"
"6966","Michael Enriquez"
"8948","Bryson Brown"
"9869","Tressie Mason"
"9690","James Stephens"
"10924","Christopher Carnley"
"10776","Jonathan Lawson"
"10533","John Rozell"
"6730","Roderick Shephard"
"7567","Andrea Watson"
"7347","Michael Irwin"
"10845","Alphie Fraction"
"6490","Anthony Foster"
"10694","Derreck Dean"
"10749","Peter Lawrence"
"M219","Joefrank Thomas"
"10631","Jesika Jones"
"10836","Timothy Liggins"
"10381","Erik Arriaga"
"10546","Michael Bailey"
"10785","Gordon Fulton"
"9392","Dianna Blevins"
"8876","Doyle Wynn"
"9275","Rebecca Tristan"
"9930","Alexander Cleland"
"9675","Jason Kimpel"
"10515","Jessica Cuddy"
"10884","Dashad Young"
"10769","Chad Harmon"
"10527","Isaac Ortuno"
"6489","Christopher Caballero"
"10904","Travis Marshall"
"10418","Ryan Ovens"
"8378","Ronald Trigo"
"10301","Warren Aeria"
"6513","Lacrondia Ellis"
"6544","Terigi Rossi"
"8959","Blake Peebles"
"8743","Joe Garcia"
"10629","Gregory Chappel"
"9649","Christopher Jameson"
"10594","Eduardo Cerda"
"5733","Steven Castillo"
"8433","Juan Rangel"
"10709","Jennifer Alam"
"5068","Joyce James"
"8553","Kraig Thomas"
"9668","Gerri Harper"
"5122","Alan Shelton"
"10232","Tina Hill"
"8894","Ian Otto"
"9121","Raymond Ramos"
"10086","Jeffery Hall"
"5302","Stacy Ward"
"7556","Ruthie Lambert"
"10265","Donovan Hammerberg"
"10914","Daniel Watkins"
"8976","Michael Dennis"
"9568","Stephanie Detamble"
"10698","Zachary Beaudreault"
"8220","Rodney Samuel"
"9759","Michael Stampley"
"8644","Kevin Green"
"8833","Hanh Nguyen"
"5174","Mary Hershiser"
"10250","Nicholas Morris"
"8050","Thomas Yi"
"9949","Oscar Macias"
"9896","Theodore Gross"
"10887","Jesus Palomo"
"8856","Kevin Gladden"
"10646","Daniel Juarez"
"10297","Steve Gomez"
"6951","Anthony Edmond"
"10819","James Callicutt"
"10630","Nathaniel Foster"
"8703","John Arnold"
"10147","David Kim"
"7362","Benjamin Cintorino"
"10780","Richard Valencia Jr"
"9144","William Shumpert"
"9843","Carlos Valarezo"
"8690","Mark Streeter"
"9346","Christopher Jetelina"
"9693","Catherine Newkirk"
"8237","Tobin Childers"
"10669","Gordon Bennett"
"10900","Sterling Hollins"
"9119","Douglas Martinez"
"8009","Steven Tomiyama"
"9651","Kenneth Watson"
"8949","Briana Buchanan"
"10804","Tameka Currie"
"10898","Joshua Gatson"
"7587","Douglas Craig"
"9899","Jon Leach"
"10349","Vicente Moreno"
"9720","Daniel Mulvihill"
"7165","Rodney Williams"
"8813","Kevin Souders"
"10730","Glenn Larsen"
"10270","Jameson Buchanan"
"8721","Steven Adler"
"9070","Nathan Martinez"
"6750","Darryl Gary"
"8306","Tarviant Campbell"
"9422","Stephan Gibralter"
"6917","Bobby Woods"
"8623","Jose Guerrero"
"10169","Dustin Hatch"
"9534","Emerson Pineda"
"9149","Thomas Mills"
"9129","Shannon Browning"
"9427","Edward Cruz Done"
"10503","William Bruce"
"10357","Javier Lopez"
"8211","Rick Parlier"
"8230","Charles Hall"
"8825","Barry Hogan"
"6781","Thelma Lewis"
"9571","Barry Tate"
"10342","Eric Hearn Jr"
"10315","Bret Early"
"7156","Anthony Andujar"
"10267","Tammi Macaj"
"10851","Noel Marez"
"10843","Fernando Gonzalez"
"7426","Randell Evans"
"7112","Edward Trevino"
"6946","Jay Angelino"
"10116","Jason Gribbon"
"9169","Derek Koerner"
"9586","Bryan Riser"
"8691","Domingo Rivera"
"10881","Abraham Escoto-Fonseca"
"4766","Thomas Haney"
"10923","Cornelius Harris"
"6693","Antonio Manning"
"8738","Jerry Hornback"
"10004","Tomi Clark"
"9471","Trevor Perez"
"5084","Claude Hall"
"9804","Rory Jones"
"5409","Luis Canales"
"6846","Kim Waller"
"4506","Wesley Johnson"
"7452","James Reynolds"
"6343","Bryan Spearman"
"10838","Howard Leftwich"
"9155","Derrick Evangelista"
"10412","Kody Martinez"
"F0233","Lorenzo Salazar"
"10748","Alexander Shirley"
"9291","Larry Moody"
"10818","Kyle Gregory"
"5569","Charles Fleming Jr"
"5872","Elvis Benson"
"7881","Michael Conway"
"10847","Isaac Martinez"
"8521","Jonathan Crump"
"8212","Kevin Daigrepont"
"9165","Sara Vega"
"10377","Ken Nguyen"
"9656","Melva Jackson"
"8804","Bradley Uptmore"
"10198","Sarah Martinez"
"9674","Andrew Richardson"
"10857","Brandy Walling"
"10545","Justin Novak"
"5260","Dale Lundberg"
"10379","Boz Rojas"
"10634","Arturo Delgado"
"9946","Alex Mendoza"
"9368","Jose Kim"
"9254","Ryan Bluhm"
"9969","Francisco Mireles Jr."
"9363","Raul Rodriquez"
"10750","Robert Reeder"
"10273","Joseph Dillard"
"10757","Samuel Day"
"8724","William Mclennan"
"10849","Oscar Arias"
"9851","Timothy Jackson Jr."
"8464","Jackie Noel"
"9990","Colin Ohayre"
"4824","Lawrence Price"
"10614","Martin Mclean"
"F0234","Melanie Forbes-Scott"
"10396","Justin Gladney"
"10608","Corie Reed"
"7019","Kurt Manasco"
"9335","Jeffrey Grandy"
"6048","Karl Freeman"
"5873","Charles Miller"
"10100","Fernando Cortina"
"10734","Kyle Corporon"
"8798","Coit Willis"
"10312","Andrew Cyr"
"9672","Jeffrey Debevec"
"10244","Gustavo Rodriguez"
"10894","Gabriela Kirgis"
"7075","Patrick Martinez"
"6279","Charles Barney"
"8696","Steven Blosser"
"6567","Michael Csaszar"
"10135","Andrew Ballard"
"R236","Darren Jones"
"5931","Henry Munster Iii"
"7537","Christopher Wagner"
"8973","Sharice Crank"
"10735","Joshua Radford"
"9960","Johnnie Fitzgerald Jr."
"8651","Sara Vergara"
"10540","Victor Guardiola"
"6858","Calvin Johnson"
"9850","Kevin Simler"
"10756","Philip Sterle"
"10229","Angelica Martinez"
"7561","Jessica Merrell"
"9126","Devon Palk"
"9565","James Goetz"
"9174","Nathan Tyndall"
"9215","Reynold Mabee"
"10134","Walter Sambola"
"10578","Fernando Sanchez"
"8370","Larry Bankston"
"10767","Alan Hovis"
"9774","Tye Gunn"
"7974","Roger Bearden"
"10073","Thomas Hartmann"
"9965","Danny Landeros"
"10070","Wendy Lary"
"9698","Daniel Harris"
"10607","Kevin Perkins"
"10765","Jere Holt"
"9700","Andrew Hoyle"
"10787","Loriann Sanchez"
"9855","Joseph Thomason"
"10130","Thomas Purdy"
"10373","Stanley Ashley"
"8935","Phillip Lewis"
"9719","Courtney Ludwig"
"8735","Todd Pillsbury"
"8938","Cynthia Gurrola"
"7883","Hubert Freeman"
"10746","William Gray Jr"
"6323","Jason Giron"
"7193","Rex Jones"
"8041","Ivan Saldana"
"9551","Eller Gilliom"
"10752","Paul Bradley"
"10013","Lance Delasbour"
"8747","Marty Hotchkiss"
"7139","Vincent Mcdaniel"
"9635","Maurice Bullocks Jr."
"8205","Michael Welch"
"10876","Michael Long"
"10156","Shane Chang"
"9219","Jeremy Smith"
"9604","Emmanuel Strand"
"6154","Douglas Foor"
"9395","Stephen Stovall Jr"
"10909","Timothy Wells"
"7080","Mark Mclachlan"
"10678","Diana Liendo"
"7882","Jason Carter"
"9108","Michael Moncrief"
"8291","Soubin Suvannachakkham"
"9945","Michael Phasounnabane"
"7129","Edward Calhoun"
"10508","Michael Christian"
"8762","Charles Tomlinson"
"10774","Matthew Small"
"9314","Jason Correa"
"10325","James Condis"
"6178","Reginald Jackson"
"7761","Stephen Swafford"
"6596","Jon Jacob"
"9594","Derrick Jackson"
"7897","Michael Royal"
"9168","Kirk Benners"
"7359","Mark Sanchez"
"10861","David Price"
"10329","Christian Jackson"
"9122","Alan Caperton"
"10311","Salvatore Orlando"
"9054","Jonathan Wilson"
"9325","Casey Tharp"
"9522","Hector Puente Jr."
"4920","James Harris"
"9823","Aaron Tobkin"
"10372","Eric Fountain"
"9181","Chad Kazmierczak"
"10824","Richard Council"
"10524","Katie Davis"
"10006","Raciel Hernandez"
"5886","Scot Jenkins"
"8384","Jacquelyn Williams"
"10568","Jonathan Alexander"
"5284","Jesus Martinez"
"9260","Alejandro Tovar"
"9860","Samuel Varner"
"10705","Stephanie Leal"
"10799","Jovanny Garcia"
"10667","Timothy Ross"
"6214","Raymond Dethloff"
"10234","Dwayne Jones"
"5818","Lance Crawford"
"8770","Brandon Innes"
"10810","Isaiah Jones"
"5998","Paul Demaagd"
"7199","Constance Padgett"
"9134","Adam Stucki"
"10696","Thomas Macpherson"
"4375","Ernest Reyes"
"6005","Brian Verdine"
"9944","Christopher Perez"
"9737","Chad Kraft"
"9440","Edgar Morales"
"10190","Jacob Perez"
"7711","Everard Wortham"
"10333","Gabriele Pina"
"8897","Dustin Shields"
"6146","Rene Dominguez"
"10781","Christopher Hill"
"5572","Tommy Buggs"
"10493","Jelisa Reed"
"10483","Timothy Paxton"
"8994","Ronald Cronin"
"10425","Hanna Velazquez"
"10740","Tu Nguyen"
"6547","Michael Williams"
"10432","Christina Hernandez"
"5785","Rickey Upshaw"
"9558","Steven Miller"
"10736","Sean Woolridge"
"10420","Cindy Alvarado2"
"5981","Eva Cadena"
"9873","Daniel Summers"
"10561","Christopher Slone"
"10814","John Mays"
"10675","Ja'qualyn Mitchell"
"8736","Sabrina Vanegas"
"7096","Russell Sanchez"
"10062","Tawanna Williams"
"10495","Shawna Alvarez"
"10783","Olivia Zambrano"
"10570","Quoc Le"
"5806","Randy Turner"
"9657","Kyle Kelly"
"10721","Liza Spencer"
"6111","Gregory Roby"
"9738","Daniel Campbell"
"8610","Matthew Mclain"
"9426","Jonathan Wortham"
"9724","Heidi Heidt"
"9610","Elaine Hassmann"
"9320","Michael Shutka"
"10350","Chad Seward"
"7375","Edmundo Lujan"
"10131","David Brintnell"
"8995","Michael Cornell"
"8862","Jose De La Cruz"
"10447","Albert Jefferson Iii"
"10827","Taylor Thomas"
"7566","Edward Parker"
"9984","Johnnie Hamilton"
"8214","Michael Mayorga"
"10314","Joel Bennett"
"10679","Cody Witt"
"6438","Michael Barnett"
"9837","Kevin Smith"
"9451","Steven Ulas"
"10653","John Vasquez"
"7543","Humberto Avila Ii"
"9870","Stephen Shay"
"10378","Jeanie Chun"
"5317","Brynley Wetton"
"10809","Areal Huddleston"
"5594","James Veeser"
"10773","Dionicio Buitron Iv"
"10218","Wendell Peters"
"10480","Frederick Lozano"
"9356","Steven Jedlowski"
"10305","Frederick Strickland"
"8840","Jorge Tinajero"
"6847","Roberto Villalba"
"9765","John Knight"
"10543","Brennen Blevins"
"10562","Christian Mullins"
"7048","Natascha Hunt"
"10618","Rudi Contreras"
"9212","Paulo Betancourt"
"10530","Kendal Jones"
"10506","Cody Clark"
"7373","Sean Moses"
"9231","Sara Sheerin"
"9340","Derek Gaffney"
"8929","Jeffrey Newhouse"
"5703","Julie Munster"
"9975","Eric Duncan"
"10453","Laura Odell"
"10384","Briana Garcia"
"7929","Gregory Epley Jr"
"9619","Charles Timmons Ll"
"7171","Michael Holguin"
"5360","James Mismash"
"9085","Demont Hickman"
"9216","Steven Papas"
"6386","John Nash Iii"
"9311","Lasharon Watson"
"10371","Coreon Edmond"
"10716","Matthew Lowe"
"9652","Pablo Rojas"
"10469","Nolan Lewis"
"7712","Heather Hebert"
"9257","Ryan Gillespie"
"9819","Yvette Gonzales"
"10553","Briana Redwine"
"8791","Kevin Williams"
"10725","Paul Smith"
"8175","Roy Jenkins"
"6723","Angela Chaney"
"9888","Michael Keller"
"10535","Christopher Mazin"
"10487","Justin Kash"
"9857","Jeffrey Hunter"
"10771","Jonathan Anderson"
"7833","Jeremy Arnott"
"9264","Margarito Gonzalez"
"8575","Paul Logan"
"8184","Mark Rickerman"
"8711","Deryan Laury"
"8035","Clayton Woods"
"9757","Melissa Bruner"
"10695","Kevin Yeatman"
"9697","Bryan Crenshaw"
"7091","Michael Bricker"
"10464","Jared Maddox"
"4944","David Burnham"
"6158","Ronald Cathcart"
"7872","Howard Lampert"
"4907","Diane Takats"
"9783","Brett Rosen"
"10507","Griffin Mccarthy"
"5517","William Hedges"
"5899","David Campbell"
"10650","Quxavier Taylor"
"10795","Min Woo An"
"6110","Steven Stribley"
"9241","Mary Carney"
"113078","Kevin Thomas"
"10865","Emmanuel Cano"
"9928","Jeremy Courson"
"6791","Daymond Patterson"
"8015","Jason Carroll"
"9439","Scott Whitmire"
"10413","Ricardo Corral"
"9477","Valerie Medellin"
"8823","William Macdonald"
"9298","Kevin Kirchdorfer"
"10521","Brandon Anderson"
"10405","Alexis Gonzalez"
"10593","Victor Rocha"
"10801","Thomas Guerrero"
"7947","Lisette Rivera"
"10385","Oscar Garcia"
"8873","Brian Egger"
"4007","Nicky Earwood"
"8029","Maria Cole"
"10680","Diego Ortiz"
"9794","Marc Bird"
"9371","Ashley Olford"
"9058","Kesha Ferguson"
"9280","Brandon Stephens"
"8022","Mathew Kalinec"
"5185","Andrew Klein"
"6426","Brian Snodgrass"
"10782","Eric Rusch"
"9893","Sammie Robinson"
"10105","Arif Khan"
"8347","Shayla Adams"
"8181","Angela Esparza"
"5906","Xavier Castillo"
"10309","William Davis"
"9184","Dru Donnell"
"5202","Laurie Wigley"
"8424","Robert Sauermann"
"5170","Todd Woolum"
"6601","Willie Parham"
"F0130","Randy Sanders"
"10031","Frank Serra"
"10142","William Bennett"
"7892","Cuteria Rush Jr"
"9540","Joann Sanchez"
"8594","Christopher Cortez"
"9249","Joel Teft Jr."
"9124","John Fiore"
"5995","Brian Giles"
"9130","Darrus Edberson"
"6572","Tyrone Andrews"
"10537","David Gibbs"
"10665","Cory Needham"
"9037","Cyrus Zafrani"
"10751","Esteban Cabello Jr"
"10643","Jose Garcia"
"10723","Rodrigo Benites Jr"
"10514","Anthony Sparks"
"10210","Brandon Rickman"
"9897","James Etchieson"
"5945","Duncan Wilkins"
"5662","Craig Johnson"
"F0251","Kevin Obrien"
"10738","Bradley Tillery"
"10320","Matthew Kalash"
"10839","Jeremy Spence"
"9299","Stephen Vineyard Jr"
"10817","Juan Gurrola"
"8927","Joshua Forner"
"6878","Reginald Miller"
"9906","John Carter"
"7896","Monty Henson"
"9889","Merlin Garrett"
"7792","Don Alexander"
"9621","Jason Smith"
"10032","Bradley Kallio"
"7489","Zane Murray"
"7950","Robert Wilcox Jr"
"9344","Jonequia Acrond"
"9842","Matthew Harder"
"9324","Tomas Urena"
"9732","Ruben Lozano"
"9090","Ryan Mccarrick"
"8169","Natalie Carr"
"6746","David Llewellyn"
"10833","Victor Rankins"
"9502","Ernesto Elizondo Jr."
"9749","Michael Ullah"
"8616","Jose Alfaro"
"5315","Mark Ahearn"
"10017","Michael Manuel"
"10154","Ashlon Martin"
"10012","Tony Rollison"
"6485","Jennie Carver-Keeper"
"5676","Stanley Mcdaniel"
"10504","Russell Newsom"
"9714","Eric Wilson"
"5485","Emory Nash Jr"
"7186","Antonio Machorro"
"6617","Paul Park"
"10138","Scott Brust"
"7604","Joseph Meno"
"8722","Joshua Brooks"
"7528","Dennis Mcinnis"
"7251","Andrew Sommer"
"7871","Harold Lemmons"
"8659","Austin Mcavoy"
"7117","Joel Curtis"
"9953","Luis Velazquez"
"7596","Matthew Meltabarger"
"6212","Lesley Miller"
"10444","Fred Reyes Jr."
"8771","Terrence Savior"
"9761","Daniel Sinclair"
"10465","Chassiti Hicks"
"9597","Stanley Stokely"
"5533","Steven Richards"
"7012","Jason Sibley"
"10513","James Johnson"
"10282","Avery Williams"
"9112","Wayne Bartlett"
"10532","Joshua Conklin"
"10225","Colin Trombetta"
"9780","Vernon Anthony Iii"
"9486","Andrew Hutchins"
"10491","David Yancey"
"8992","Raymond Dumont Ii"
"8748","Ryan Smola"
"10715","Alec Lopez"
"8353","Alicia Finney"
"9584","Brandon Sampson"
"10353","Zachary Hopkins"
"10335","Melanie Evans"
"10732","Preston Bigger"
"8956","Kelvin Woodburn"
"10104","Dwayne Leonguerrero"
"7399","Richard Harding"
"M176","Fredrick Muldrow"
"8978","Wes Melton"
"10056","Marcos Ortiz"
"9980","Brent Carter"
"9925","Adrian Coleman"
"8193","Lorne Ahrens"
"8581","Fredrick Patterson"
"8492","David Grant"
"9856","Terance Thompson"
"6389","David Frykholm"
"7959","Randall Presley"
"9556","Jon Williams"
"9301","Carlton Nelson"
"7979","Jerry Jernigan"
"M590","Reynaldo Alonso"
"5413","George Farmakis"
"10415","Joshua Mull"
"4732","Matthew Gnagi"
"10407","Yahir Perez"
"9142","Raymond Petty"
"10429","Christopher Deltoro"
"5823","Jerry Williams"
"10266","Robert Hollingsworth"
"10706","Zacharie Perez"
"9894","Robert Fought"
"7989","Charles Ned"
"5912","Tri Ngo"
"10174","Anthony Young"
"5709","Ursula Lamb"
"9797","Montriville Davis"
"6308","Russell Stephens"
"10883","Calvin Dillard"
"10438","Landon Cooksey"
"6950","Donald Taylor"
"9138","Andrew Palmer"
"6362","David Salomon"
"9228","Matthew Allie"
"6355","Martin Bosse"
"10485","Jeremy Johnson"
"10020","Ryan Willis"
"10707","Michael Lee"
"9213","Maurice Addison"
"6991","Esteban Montenegro"
"8850","Cortney Thornton"
"10052","Ricardo Salas"
"6941","Lovy Page"
"4757","Pam Dominguez"
"10226","Clayton Mytych"
"10025","Thomas Schiller"
"9548","Sean Brown"
"8896","Kevin Lee"
"9616","Jeffrey Bruckerhoff"
"8502","Ricardo Rodriguez"
"9239","Gregory Watkins"
"10411","Matthew Bartus"
"6042","Michael Igo"
"6838","Bonita Morgan"
"9494","Daniel Russell"
"6848","Eddie Reynolds"
"10624","Jose Arvizu"
"7656","Bennette Harris"
"9669","Bernardino Ledezma"
"5672","Theodore Weissenborn"
"9629","Jesus Saucedo Jr."
"R248","Richard Arnstein"
"7786","Karen Dewberry"
"9581","Nathaniel Draughon"
"9059","Daniel Babb"
"7723","Gregory Garcia"
"10459","Daniel Ponce"
"9907","Dennis Spears Jr"
"7180","Debora Taylor"
"9244","Jared Johnson"
"6861","Simon Alvarado Jr"
"10057","Erik Vasquez"
"10808","Christopher Ferguson"
"6765","David Horton"
"8899","Michael Koller"
"5233","Charles Marsh"
"9812","Celeste Lucero"
"10264","Amanda Young"
"9638","Brent Johnson"
"10820","Stephanie Mcgee"
"10712","Marcus Negron"
"10764","Dean Catanzaro"
"10276","Brandon Griffin"
"10579","Sofia Hernandez"
"9202","Richard Crain"
"10681","Johnny Walker"
"8877","Angelo Dragija"
"4396","Raul Moreno"
"10053","Angela Williams"
"7732","Gregory Fregeau"
"8796","Aaron Gajkowski"
"10516","Zachery Johnson"
"10625","Seth Ragland"
"6906","Brent Jones"
"8710","Willie Mckeever"
"5299","Scott Brookman"
"10261","Ryan Dorey"
"10797","Joseph Webb"
"10041","Cordia Limson"
"10119","Thomas Nowicki"
"6922","Marilyn Guenther"
"9914","Albert Sanchez"
"7835","Jeffrey Miller"
"10168","Robert Lyons"
"7650","Juan Aguinaga"
"8340","Brenda Rivera"
"6992","Richard Santiesteban"
"9605","Benjamin Talley"
"10038","Tramelle Mcneal"
"7427","Evelardo Perez"
"10403","Carlos De La Fuente"
"9304","Keith Lewis"
"10759","Nathan Ramlow"
"8522","Justin Bowen"
"9938","Brian Madalinski"
"7473","Phyllis Evans"
"6501","Ronnie Anderson"
"10106","Keyonta Gamble"
"7832","Clayton Edwards Iii"
"4055","David Renfro"
"10729","Jeffrin Jose"
"9480","Jay Dickson"
"10575","Erin Evans"
"9827","Jose Gamez"
"8204","James Mcinnis"
"9428","William Mccluskey"
"3698","Raul Duarte"
"7565","Marcos Castilla"
"5796","Benito Hernandez Jr"
"9830","Tyler Mills"
"7999","Cathy Blanchard"
"7652","Steven Mckee"
"6962","Michael Pottorff"
"7286","John Merritt"
"9359","Christopher Watson"
"F0155","Tim Clark"
"9712","Travis Cardinal"
"8153","Kevin Perkins"
"9913","Deshawn Webster"
"4860","Stephen O'donnell"
"10426","Veronica Alejandro"
"10637","Johnie Ellis"
"9595","Louis Pacheco"
"7942","Tracy Glenn"
"9347","Francisco Nevarez"
"10552","Le Chau"
"4246","Susan South"
"8869","David Crowley"
"10256","Falin Daniels"
"10306","Corey Wright"
"10061","Ricardo Solis"
"10178","Bryan Swanson"
"10212","David Ansley"
"9993","Shane Voss"
"10440","Cameron Peterson"
"8811","Justin Roberts"
"10775","Harold Martin"
"9962","Joshua Steger"
"10072","Jakarsha Carter"
"6149","Deborah Grabowski"
"9606","Darryl Womack"
"8196","Ricky Scott"
"10078","Jefferson Hunt"
"8428","Brian Doty"
"8100","Jason Brower"
"9074","Jeremy Pulliam"
"8648","Jasper Hughes"
"8727","Dale Ordogne"
"8388","Herbert Smilie"
"9407","Kirk Kelley"
"8730","Steve Myers"
"9666","Daniel Richmond"
"5395","David Baker"
"10202","Daniel Arrivillaga"
"6812","Patrick Cohen"
"7178","Michael Yeric"
"9546","Kyle Hubert"
"10671","Kristen Ethridge"
"10494","Christofer Armstrong"
"10323","Abraham Palomo"
"6073","Kurt Zavishlak"
"10668","Christopher Berry"
"8649","Edrick Smith"
"8925","John Lopez"
"5860","Ramon Rojas Jr"
"8285","Joseph Bowling"
"10355","Calvin Bretel"
"10252","John Ll La Pietra"
"9748","Edward Tarangioli Iii"
"9904","Shawn Warren"
"9430","Joseph Almachar"
"7485","Amber Hernandez"
"9295","Christopher Langlois"
"9703","Jesse Rodriguez"
"M190","David Salazar"
"5857","William Griffith Ii"
"10139","Dameon Sansom"
"8505","Graham Quattlebaum"
"7852","Benustiano Avila"
"F0230","Derrick Cherry"
"9784","Edwin Saracay"
"10334","John Pena"
"10408","Jerime Anderson"
"10449","Courtney Collins"
"10651","Riley Ebensberger"
"5258","Kimberly Crawford"
"9576","Debra Webb"
"10322","Daniel Townsend"
"9544","Tramese Andrews"
"9585","Otoniel Boudet"
"6496","Stephen Hoyer"
"7482","Joe King"
"4865","Michael Poole"
"10743","Silvestre Hernandez Jr"
"10766","Henry Edwards"
"10035","Daniel Vanderslice"
"10144","Jonathan Burch"
"10365","Crystal Gonzalez"
"5085","David Durica"
"10245","Brian Suitt"
"10556","Jeremy Shepherd"
"10188","Jeffery Kunzler"
"4916","Jeffrey Williamson"
"6006","Vickie Stonaker"
"7063","Derrick Wright"
"10370","Misty Torres"
"10398","Adrian Velazquez"
"9391","Richard Stewart"
"5516","John Umpleby"
"9811","Talaya Allen-Carswell"
"8915","Matthew Terry"
"M122","David Hobbs"
"6830","Lawrence Coddington Jr"
"10293","John Zaudke"
"9739","Jake Morgan"
"10548","Nestor Munoz"
"8679","Phillip Ralson"
"9178","Daniel Cole"
"5640","Stephen Walthall"
"10760","David Toy Jr"
"9670","Luis Sanchez"
"8377","Bradley Ellis"
"7893","Mark Johnson"
"7913","Bobby Durham Jr"
"10237","Hugo Lupercio"
"9011","Brandon Byrd"
"5738","Kevin King"
"9252","Thomas Laidacker"
"8608","Andrew Fuka"
"10684","Yukang Yi"
"9601","Robert Hull"
"10635","Eric Duffek"
"7505","Ivery Croson"
"9824","Michael Kennedy"
"8149","Daniel Greene"
"10713","Archie Thomas Jr"
"8868","Joshua Cloutier"
"6841","Paul San Martino"
"8106","Charles Moreland Jr"
"6414","Steven Osborne"
"8051","Jefferey Blanch"
"9541","Jaime Alvarado Jr."
"5636","Byron Sims"
"10636","Elliott Howell"
"8969","Cesar Soto"
"10326","Louis Parker"
"10111","Alexander Blois"
"9618","Christopher Cooley"
"9717","Scott Corkery"
"10067","Michael Batiste"
"8947","Christopher Todd"
"9956","Michael Sykes"
"8906","Raul Hernandez"
"6132","James Bordelon Jr"
"9296","Jeffrey Tucker"
"9931","Casey Esch"
"10463","Portia Wilson"
"5495","Lance Raymond"
"10592","Guillermo Corona"
"8682","Donald Dean"
"9364","Jon Tutt"
"8799","Zachary Davis"
"10693","Sergio Ortiz"
"10588","Angelle Ponseti"
"9537","Misty Manor"
"8254","Isaac Sipriano Iii"
"10358","Christopher Alisch"
"7498","Armando Dominguez"
"7453","Donald Francikowski"
"6877","George Gonzales"
"10257","Robert Wheelock Iii"
"10112","Patricio Zamarripa"
"6662","Mark Mladenka"
"9198","Johnathan Schutz"
"9895","Sean Mock"
"10195","Luis Estrella"
"8088","Germaine Walls"
"10018","Andrew Winchester"
"10345","Derrick Coleman"
"9326","Gabriel Candelaria"
"9189","Ricardo Campbell"
"8144","Phillip Gordon"
"9442","Troy Allison"
"10452","Hans Campbell"
"9773","Caleb Johnson"
"9835","James Todd"
"8639","Felicia Shipley"
"10612","William Parker"
"6949","Kenny Lopez"
"9626","Justin Marsh"
"10400","Austin Thomason"
"8829","Antonius Charles"
"9631","Joshua Burns"
"8773","Lenard Webb"
"6278","Tonya Taylor"
"7922","Jennifer Mamola"
"9443","Latasha Moore"
"9388","Glen Hurst"
"9713","Mark King"
"10714","Joshua Maldonado"
"8168","Rashaan Douglas"
"7758","Jonathan Mcmillion"
"8546","Maria Valdez"
"7760","Cayce Shelton Iii"
"6012","Frederick Rubin"
"9591","Christopher Ross"
"9032","Darin Watson"
"8308","Erica Troup"
"9258","Donald Holderbaugh"
"9206","Antoine Hughes"
"10080","Samuel Kading"
"8910","Joshua Boykin"
"10619","Riedrick Alceus"
"10788","Nicholas Brooks"
"8928","Elias Herrera"
"8101","David Cervantez"
"10645","Laurent Swanson"
"10194","Ashley Webb"
"10689","Patrick Anderson"
"8936","Marcus Maxwell"
"5352","Kevin Ross"
"9876","Latonia Kelly"
"5475","Jeffrey Ell"
"9273","Jeremiah Byous"
"T255","Debra Allen"
"10152","Joshua Wilson"
"8606","Victor Chandler"
"10615","Richard Pace"
"10410","Sasha Staidum"
"8191","Ryan Dalby"
"10048","Christopher Johnson"
"7170","Stephen Cole"
"8583","Alan Haynes"
"9701","Scott Phillips"
"7562","Scott Jay"
"6995","James Shirley"
"9057","Richard Dallatorre"
"9004","Aaron Rucker"
"6286","Freddie Youngblood"
"8021","Mark Brown"
"9172","Benjamin Yohner"
"9628","Jason Ivie"
"6388","Steven Junger"
"113327","Kofi Woodroffe"
"10216","Kenneth Hughes"
"10128","Kevin Christenson"
"7152","Luis Villarreal"
"9419","Kevin Kelley"
"7533","Janell Wickens"
"9109","Eduardo Oliveros"
"8891","Kristin Alvarado"
"10786","Jesse Bakos"
"7961","Robert Mccall Jr"
"F0254","Simmeana Westbrook"
"10770","Jee Kim"
"10327","Mark Harper"
"9978","Justin Norlock"
"9360","Mikhail Antipov"
"10659","Mark Jasper"
"10560","Brendan Sullivan"
"8975","Nathan Stokes"
"5997","Butch Brown"
"6855","Monte Cates"
"5109","Ronald Caldwell"
"6242","Paul Kovach"
"6082","Zoltan Laky"
"9046","Irene Galvez"
"4159","Matthew Hernandez"
"4211","David Alcala"
"8226","Ezequiel Esparza Jr"
"7635","Derold Thomas"
"8407","Houang Sekung"
"8375","Donald Bailey"
"10674","Beverly Ma"
"9462","Aaron Scott"
"9711","Aaron Tolerton"
"8368","Chad Brisco"
"7927","Joseph Gonzales"
"9802","Richard Kovacs"
"5627","Robert Spurgeon"
"8668","Robert Watson"
"9120","Antonio Hudson"
"6795","Manuel Sanchez"
"9572","Daniel Lacy"
"8310","Carlos Cruz"
"M132","Charles Steele"
"6365","Eric Freeman"
"5747","Kevin Jackson"
"10140","Jason Paulson"
"6717","David Podraza"
"8349","Felisha Malone"
"10316","William Mathis"
"7826","Jorge Guzman"
"7778","Ralph Mcafee"
"10213","Jinni Gonzalez"
"10443","Ruben Martinez Jr."
"4495","Curtis Gage"
"10497","Veronica Garcia"
"6753","Mark Merenda"
"8739","Kashonda Copeland"
"8273","Robin Blades"
"10361","Gianna Giordano"
"10254","Robert Minnich"
"7788","Christopher Anderson"
"5893","Lucy Barnett"
"10421","Natalia Garcia"
"9624","Leah Risse"
"6157","Alfredo Rundell"
"8316","Derek Allen"
"10343","Gary Green"
"7750","Christopher Williams"
"10271","Sonya Barker"
"8552","Kurtis Schmidt"
"8003","Thomas Fry"
"10697","Ignacio Angulo"
"10572","Zachary East"
"5946","Lucas Flores Iii"
"8000","Barney Gilliom"
"7020","Tracy Mitchell"
"7823","Brent Cox"
"M169","Christopher Nixon"
"8287","Bryan Mccullough"
"6971","George Zamora Jr"
"6018","Vidal Olivarez"
"5942","Jeffrey Rosso"
"10484","Ilse Gerardo"
"7771","Billy Rios"
"10574","Delia Sierra"
"9991","Bryan Herr"
"10087","David Santymire"
"9614","Omar Figueroa"
"10654","Austin Levisay"
"7632","Tracy Starks"
"9319","Latoya Rolfe"
"8916","Billy Harris"
"10416","R.l. Rushing"
"7706","Christopher Johanns"
"9101","Walter Payne"
"10290","Katherine Rhodes"
"5440","Edward Anaya"
"5812","Brett Tate"
"10209","Eric Enriquez"
"9966","Kellie Renfro"
"104471","Allison Littleford"
"6902","Rafael Esquivel"
"9646","Richard Lattin"
"9390","Justin Lockhart"
"10569","Jason Henrichs"
"5425","Daniel Larkin"
"5864","Timothy Lennington"
"7803","Chad Mraz"
"9425","Ernesto Vela"
"10108","Esteban Flores"
"9450","Luis Patrel"
"6863","Jeffrey Abeare"
"9692","Whitt Melton"
"T102","Donald Brown"
"7067","George Adame"
"7098","Christopher Evans"
"10571","Michael Sullivan"
"6614","Robert Wilkerson"
"8694","Patrick Jobe"
"10518","Antwan Dunn"
"10211","Mundell Spence"
"6679","Kevin Janse"
"10066","Evan Muller"
"9742","Zachary Craven"
"8456","Michael Vaughn"
"5885","David Kattner"
"7691","David Clark Jr"
"8646","David Marchioni"
"10356","Baldemar Ledezma"
"8189","Marilyn Edwards"
"7330","Tracy Jones"
"6400","Arlin Mason"
"F0178","Frank Drahos"
"9476","Patrick Jones"
"10576","Lauren Horton"
"8618","Jason Garrigue"
"9909","Julian Mcdaniel"
"10036","Trevor Maynard"
"6408","Edward Boyd Jr"
"9721","Blayne Burgess"
"6968","Ventura De La Rosa Jr"
"8542","Brittani Pilcik"
"8325","Dwayne Cooper"
"7722","Dwight Govan"
"10691","Derrick Jordan"
"6484","Mark Woody"
"8352","Martin Rivera"
"9516","Horace Webb"
"8399","Bobby Adkison"
"F0237","Rebecca Mathews"
"10360","Maja Vincic"
"9967","Joseph Schutz"
"6033","Kerry Johnson"
"9441","Tyler Remediz"
"10424","Laura Beddow"
"9474","William Rodriguez"
"9412","Efrain Melendez Jr."
"9271","Andrew Duba"
"9236","Edward Reyes"
"6044","Aleciah Jackson"
"9482","Shelley Friend"
"9560","Larry Tuttle"
"7223","Ben Ortiz Jr"
"8687","Kenton Hubner"
"5692","Shedrick White"
"10304","Wesley Jones"
"9943","Daniel Karna"
"8890","Tonya Mcdaniel"
"9033","Daniel Zarate"
"4713","Frank Ruspoli Jr"
"9409","Lance Wreyford"
"7301","Raul Galvan Jr"
"10287","Marsha Barnes"
"10509","Aaron Rodarte"
"9193","Jassmen Mitchell"
"9709","Jeremy Francis"
"10375","Demaurier Thompson"
"8258","Michael Henderson"
"6057","Michael Harper"
"10298","Orlandus Bronner"
"6925","Christopher Crites"
"10251","Dustin Penland"
"F0226","Christopher Martinez"
"10064","Nicholas Miller"
"8554","John Richmond"
"10433","Tiffany Hicks-Livingston"
"8937","Ryan Berry"
"6307","Luc Francois"
"10478","Benjamin Neal"
"10611","Michael Rocha"
"7519","Jerry Gamez"
"10101","Daniel Young"
"8473","Michael Bui"
"F0147","Paul Martinez"
"9513","Yancy Graves"
"9531","Antonio Gomez"
"10068","David Bayson"
"8943","Carlton Thomas"
"10676","Marilyn Knutson"
"7405","Ruben Rodriguez"
"10275","Aaron Kasallis"
"8018","Jodean Jones"
"4933","Brian Rippenkroeger"
"6757","Christopher Thomas"
"7609","Jose Llanes Iii"
"6529","David Beideck"
"9110","Kevin Williams"
"9973","Jay Jankowski"
"10445","Diana Flores"
"10263","Shaun Renfro"
"8453","Carlos Marquez"
"5989","Robert Ludwig"
"9887","Latrice Madison"
"9402","Hector Parrilla"
"7157","Scott Sayers"
"7195","Pedro Alonzo"
"8281","Chad Quinlan"
"7531","Craig Sherrill"
"7177","David Conley"
"9116","Ryan Scott"
"8057","Latoya Carrington"
"10002","Edgar Molina"
"8423","Sean Mack"
"7921","David Stephens"
"9535","Mayra Santiago"
"F0247","Julie Kumar"
"8996","Natausha Crespin"
"9098","Philip Lawler"
"8634","Jessica Montgomery-Criddle"
"9715","Andre Cloyd"
"7021","Eddie Lopez"
"7548","Joe Ramos Jr"
"8060","Monica Almeida"
"9466","Kamesha Walker"
"7956","Darian Loera"
"8006","Wilma Thomas"
"10027","Karla Garbelotto"
"5245","Jose Jimenez"
"8793","Ashly Carrillo"
"9733","Jesus Hinojosa Jr."
"8887","Christopher Hess"
"9117","Stephen Prince"
"9039","Kenneth Schwartz"
"9547","Matthew Branch"
"6008","Troy Smith"
"8068","Lyle Brockwell"
"6771","Daniel Rosales"
"10383","Antwan Crutcher"
"10199","David Thompson"
"7044","Jose Cerda Jr"
"6175","Richard Hunt"
"DE 47635","Lavonda Johnson"
"7217","Billy Scott"
"5570","Willie Williams Jr"
"10295","Amy Anderson"
"8213","Daniel Foster"
"7853","Cynthia Arispe"
"8954","Russell Crocker"
"9294","Bryan Candelaria"
"10346","Yuridia Morales"
"7962","Christopher Barzyk"
"10472","Stevon Morgan"
"9790","Fidel Padron Jr."
"6558","Ricky Turner"
"5953","Scott Harn"
"9018","Farie Phelps"
"10347","Kellyn Moncada"
"10616","Brian Chaddick"
"8381","David Massey"
"6115","Jacquelin Tahbone"
"8814","Jesus Martinez"
"7890","Marcus Winn"
"4312","Joel Theis"
"10460","Cynotha Mcgruder"
"9166","Mark Herrera"
"7149","Salvador Varillas"
"7727","Stephen Benton"
"7620","Ramon Martinez Jr"
"10390","Michelle Ochoa"
"10595","Hayley Mitchell"
"5982","Curtis Stringfellow"
"7874","Laurent Lespagnol"
"5347","David Jenkins"
"7994","Curtis Blocker"
"10222","Michael Trometer"
"10192","John Galindo"
"117512","Bashu Bhatta"
"10687","Timothy Cranford"
"9146","James Verhalen"
"9208","Yvette Caperton"
"7679","Adge Barnes Jr"
"6332","Jeffrey Eichel"
"10262","Angelo Johnson"
"6444","Brian Johnson"
"7377","Corey Anderson"
"10197","Maurico Hill"
"10431","James Brown2"
"4556","James Barclay"
"8092","Richard Tucker Jr"
"8371","Benjamin Smith"
"5799","Sandra Obaze"
"8432","Jesus Garza"
"9100","Wayne Kincaide"
"9996","Matthew Carlson"
"9493","Robert Kiplinger"
"9017","Kyle Atha"
"7588","Mario Gomez"
"7164","Larry Gordon"
"6779","Michael Hunter"
"9911","Matthew Rizoli"
"5974","Frank Duncan"
"10136","Faiz Khan"
"97133","Andrea Yellowfish"
"4369","Vanessa Adame"
"5734","Charles Tuten"
"10037","Jason New"
"4559","Steven David"
"8548","Arnold Rodriguez"
"10238","Derik Bussey"
"9222","Micheal Waldroup"
"10474","Jamal Robinson"
"8219","Cleon Davison"
"7899","Susan Smith"
"6549","Jerry Stanley"
"10341","Blake Hicks"
"7292","Adolio Rios Jr"
"10344","Ana Vazquez2"
"8001","Arnulfo Pargas Jr"
"5460","Leslie Richardson Sr"
"10458","Ariana Hernandez"
"4717","Mark Underwood"
"81075","Shirley Stanley"
"7998","Julie Arnott"
"9230","Andrea Kunzler"
"7914","Leroy Pena"
"9445","Johnpaul Martinez"
"10220","Cynthia Hamilton"
"9369","Joshua Devore"
"8922","Buddy Brisco"
"9521","Jeffrey Standard"
"7342","Shawn Freeman"
"7663","George Morales"
"6899","Darren Snowdy"
"10253","Terry Paxton Jr"
"7670","Anthony Pickens"
"8709","Perry Strickland Jr"
"8461","Eric Brown"
"7308","Jamie Camacho"
"7939","Julio Ortiz"
"7506","Chauncey Mcbride"
"10582","Julian Harris"
"8958","Stephen Kuo"
"10566","Jeremy Omealia"
"8385","Christopher Lowe"
"7702","Steven Oliphant"
"10581","Justin Sanders"
"7474","Jeffrey Lewis"
"7558","Jason Webb"
"7471","Jose Aranda"
"6566","Daren Roberts"
"7919","James Jablon"
"10544","Richard Townson"
"4480","Thomas Hitt"
"6478","Guy Schwarz"
"9927","Gregory White"
"8629","Naomi Arroyo"
"9559","Nam Tri"
"6794","Tommy Raley"
"10097","Alan Jarvis"
"6926","Raymond Watts Sr"
"9147","Dustin Voels"
"6139","Susan Millard"
"5214","Timmy Stewart"
"9795","Jason Groom"
"9664","Camille Munoz"
"9650","Sean Greer"
"5078","Keith Caruso"
"10368","Jesus Castaneda"
"10482","Ryan Cordova"
"8198","John Holt"
"7310","John Roberts"
"10308","Michael Welsh"
"6842","Stanley Forney"
"10486","J Casas-Tavera"
"37465","Angela Howard"
"9005","Steven Cardenas"
"9007","Travis Mcanally Jr."
"6231","Ernest Sherman"
"7839","Keith Huber"
"8912","James Johnson"
"10363","Matthew Helton"
"4748","Kelly Foster"
"9655","Aarin Harrell"
"10337","Justin Thomas"
"4802","Theodore Pfursich"
"4888","Herbert Parker"
"8866","Matthew Cartwright"
"9420","Christopher Nilsen"
"6543","Wendell Jones"
"10926","Kevin Liang"
"8765","Jose Scott"
"8450","Victor Quezada"
"8087","Jo Booker"
"8977","Timothy Johnston"
"8341","Guy Curtis"
"8231","Raymond Dominguez"
"10231","Jonathan Malcolm"
"10050","Michael Davison"
"F0137","James Adams"
"10189","Damien Lookenbill"
"10633","Matthew Drury"
"9961","Viviana Molina"
"8968","Justin Mcosker"
"10227","Jeffrey Kilzer"
"5113","Keith Patton"
"15356","Shelia Clark"
"5103","Richard Lusk Jr"
"9073","Luis Guerrero Jr."
"5772","Colleen Shinn"
"8031","Dennis Burnside"
"47635","Lavonda Johnson"
"9182","Travis French"
"5177","Kenneth Ellis"
"9029","Kenneth King"
"7885","Jennifer Gindratt"
"9404","James Leakey"
"7910","Aryn Hale"
"7958","Gerald Dickens"
"10186","Ray Chavez"
"104391","Naomi Alexander"
"8458","Justin Hellenguard"
"9498","Kevin Runyan"
"9261","William Lackland"
"8104","Charles Palmer"
"8248","Timothy Falk"
"8374","Jose Lopez Jr"
"6126","Jeffery Eggleston"
"70669","Beverly Pierce"
"8142","Lucio Cano"
"4517","David Nevitt"
"7211","Roberto Perez"
"5631","William Jackson"
"8559","Christopher Cordray"
"10113","Amber Oliver"
"9305","Philip Offutt Jr"
"10943","Chazz Morrison"
"8847","Norma Massu"
"7889","Kevin Whitworth"
"8966","Chad Murphy"
"10802","Joel Effinger"
"7239","Derek Bryant"
"5922","Rudy Contreras"
"10109","Arturo Martinez"
"8098","Anthony Allen"
"M218","Michael Perez"
"9318","Shane Owens"
"6715","Emilio Ayala Jr"
"10196","Todd Derouen"
"R292","Karen Kirkpatrick"
"9459","Julianne Goin"
"8288","George Prock Iii"
"10058","Richard Cantu"
"8841","Eric Seyl"
"7266","Gregory Illingworth"
"9964","Gabriel Ortiz"
"10021","Matthew Chatman"
"7087","Kurt Carroll"
"6703","Genaro Hernandez Jr"
"9814","Delawrence Gilbert"
"F0184","Marcus Stephenson"
"9255","Gregory Valtadoros"
"9602","Jason Arozamena"
"9050","Bobbie Epperson"
"8526","Aaron Diggins"
"10034","Jesse Aquino"
"9069","Karina Tressler"
"7766","Byron Guynn"
"5518","Alan Solis"
"70495","Rufus Philips"
"9641","Christian Cuellar"
"8593","Russell Barrett"
"7110","Edward Villarreal"
"4571","Tommy Bailey"
"8058","Lesley Bailey"
"6598","James Shivers Jr"
"6468","Brent Maudlin"
"4587","Michael Mendez"
"7682","Jacob White"
"6990","Margie Echols"
"10932","Crystal Almeida"
"9963","Daniel Nevarez"
"4535","Roderick Dillon"
"10855","Christopher Davis"
"6623","Scott Hopkins"
"7643","James Browder"
"5325","Martin Rodriguez"
"8769","Richard Saliba"
"9027","Jason Crow"
"8663","Christopher Weckenmann"
"7059","Colette Ross"
"8512","James Gentry"
"8151","Eric Lyons"
"9266","Jonmatthew Martinez"
"9015","Giovanni Wells"
"6283","Jeffrey Robinson"
"6825","Robert Proctor"
"5044","John Fetterolf"
"8356","Kevin Wetherington"
"7601","Jacqueline Moore"
"8093","Melquiades Irizarry"
"8750","Christopher Taylor"
"9634","Thomas Coval"
"10117","Demarcus Turner"
"8083","Michael Manis"
"10369","Haley Morgan"
"9405","Kathryn Roos"
"9592","Michelle Herczeg"
"9518","Isaias Arzate"
"54990","Gloria Martinez"
"9398","Jose Ortiz Vives"
"8179","Cassie Hodge"
"8307","Teena Schultz"
"9191","Robert Laurence"
"9300","Aaron Graham"
"8674","David Meldrum"
"9385","James Fleming"
"7016","Reneeshia Mcintyre"
"6232","Michael Maness"
"9747","Chris Mujica"
"8414","Darius Adams"
"5261","Christopher Allen"
"9952","Binh Vu"
"8849","Stephen Williams"
"8755","Keith Coates"
"5568","Steven Potrykus"
"5793","Rodney Haigh"
"5477","William Free"
"8681","Nathan Foreman"
"6683","Christopher Hauffe"
"7923","John Franco"
"7638","Fabian Hernandez"
"6038","James Dewees"
"6800","Michael Bables"
"10805","Micah Effinger"
"8760","Dang Le"
"F0160","Kenneth Foreman"
"10330","Nathan Hight"
"8344","Elvia Mercado"
"6698","Anthony Mullen"
"7614","Elliott Forge"
"9696","Dasha Williams"
"8130","Holly Taylor"
"7068","Saul Monsisvais"
"6736","George Waller"
"8014","Gregory Davis"
"8373","Jose Guzman Jr"
"8119","Craig Kier"
"6680","Bobby Watkins Jr"
"9415","Gregory Ceraso"
"7819","Brian Deininger"
"6432","Brian Nolff"
"9279","Daniel Crouch"
"10162","Ryan Kahn"
"9352","Justin Basco"
"8362","Darryl Barclay"
"7039","Olivia Brown"
"8930","Matthew Clark"
"10091","Jamie Crank"
"8731","Julian Adames"
"9408","Lynell Batemon"
"9852","Calvin Scudder"
"8152","Paul Deborst"
"6295","Frederick Mends"
"8795","Hudson Hartson"
"6433","Harold Varner"
"6091","Daniel Mettica"
"9343","Ryan Ramirez"
"10023","Jonathan Stacey"
"10448","Carlos Almeida"
"8250","Aaron Bell"
"10089","Darryl Mapp"
"8888","Juan Barron"
"7798","Julia Lewis"
"9351","Adam Koceja"
"F0141","Russell Batchelor"
"5615","Ray Cunningham"
"10528","Antonio Hanson"
"8671","James Coddington"
"10471","Allison Littleford"
"7895","George Garcia"
"9410","Brandon Galbraith"
"4791","Randell Penn"
"9031","Jason Chapman"
"8555","James Farmer Jr"
"6874","Lawrence Nichols"
"5712","Daniel Moreno"
"8870","Melvin Williams"
"8478","Horacio Quiroz Jr"
"6961","Jimmy Thongrivong"
"8855","Pauline Herrera"
"5309","Gerald Runnels"
"M175","Brian Gauntlett"
"4803","Wayne Nichols"
"9205","Rogelio Moreno"
"10014","Keyshala Phenix"
"8038","Carlos Alicea"
"6053","Jeffery Hall"
"8163","Noel Rendon"
"5482","Danny Williams"
"8790","Justin Canright"
"6602","Raymond Hailey"
"7299","Timothy Casey"
"7845","Mark Meltabarger"
"F0259","Cynthia Coronado"
"8586","Erin Kaschalk"
"9849","Wener Perez-Morales"
"7986","Richard Martinez"
"5321","Celya Ridley"
"6550","Bervin Smith"
"36201","Cathy Hightower"
"10387","Dakota Moore"
"5736","Eric Garrett"
"7521","Alexis Beyer"
"6836","Jarrett Ehlinger"
"7940","Tommy Somers"
"6010","Brian Chapman"
"6065","Eric Hagan"
"6641","Curtis Sanders"
"3688","Gary Beck"
"8541","Justin Cooley"
"R200","D'andrea Gadberry"
"8102","Paul Farr"
"M203","Gabriel Alaniz"
"9659","Maurice Mccarthy"
"6616","Robert Mcklemurry"
"10193","Daniel Hinton"
"9881","Nicholas Smith"
"8309","Billy Taylor"
"R149","David Goode"
"7830","Derick Chaney"
"10102","Michael Favors"
"8070","Seth Rosenberg"
"13914","Erica Childress"
"9847","Edward Van Meter Jr."
"8874","Pedro Trujillano"
"8429","Stephen Comstra"
"8348","Mark Gonzales"
"R239","Franklin Foster"
"6608","Quelanda Clark"
"7298","John Valdez"
"9035","William Holcomb"
"6697","Doreen Celedon"
"8067","Rachel Moore"
"6228","Garland Martin"
"9334","Paolo Sparacino"
"5476","Jerry Iliff"
"9845","Gregory Phillips"
"7475","Gilbert Salinas"
"8539","Crystal Taylor"
"8272","Shannon Baker"
"7651","Angela Arredondo"
"10927","Otis Bush"
"10258","Nicholas Lybrand"
"8017","Joshua Hertel"
"6530","Michael Walton"
"8854","Eric Barnes"
"5267","Patrick Bland"
"7210","Michael Magiera"
"8549","Thaddeus Hasse"
"9080","John Casey"
"5667","Elena Perez"
"R228","Vickie Colwell"
"F0225","Laurel Pitman"
"8251","Barrick Culp"
"7624","Robert Salone Jr"
"4607","Michael Miller"
"6446","Karl Guenther"
"9926","Byron Smith"
"10660","Jess Johnston"
"7514","Jakequeline Mccloud"
"8054","Gilbert Arevalo"
"8537","Daniel Camacho"
"8431","Dennis Malone"
"7696","Misty Vancuren"
"7585","Anthony Greer"
"10003","Roy Gray"
"8069","Alberto Layton"
"9741","Brian Martinez"
"8786","David Pillar"
"9176","Daniel Collins"
"7028","Barry Maxwell"
"8837","Jerry Thompson"
"10952","Gabrial Vazquez"
"R276","Sandra Zavala"
"5337","Tony Little"
"10029","Rocio Rodriguez"
"8454","Terrence Burley"
"10123","Prestin Parker"
"9131","Ronald Carroll Jr."
"8107","Matthew Hebert"
"9481","Samuel Hanson"
"4973","Felicia Thornton"
"7579","Adrian Ballin"
"8576","Michael Nunez"
"7072","Darren Allen"
"7876","Rhonda Richeson"
"9538","Robin Rivera"
"8808","David Waskom"
"9051","Angel Scott"
"7568","D'vonyotto Noye"
"8447","Juan Hernandez Jr"
"F0156","Linda Henry"
"7911","Raul Delgado"
"7153","Alan Villarreal"
"10875","Erika Brown"
"5208","Julie Cassidy"
"7777","Jennifer Sumpter"
"8125","Rawleigh Williams Jr"
"8411","Brandon Thompson"
"83070","Theresa Tafalla"
"R209","Christopher Lamendola"
"8982","Brent Wing"
"8752","Laszlo Rakovszky"
"5274","Kenneth Ferguson"
"5999","Townsend Howard"
"7527","Scott Bazan"
"5606","Edward Giampietro"
"8725","Mable Smith"
"7735","Nathanial Chapman"
"5547","John James Jr"
"R364","Andres Lopez"
"9915","Dwayne French"
"8816","Rico Harris"
"8509","Alberto Garza Jr"
"8354","Delia Castro"
"6660","Carver Davis"
"4126","George Pryor"
"8631","Thomas Illingworth"
"M195","Dale Jacobs"
"8532","Kassandra Schiver"
"8170","David Ferguson"
"8455","Aaron Glenn"
"7268","Joey Warren"
"9259","Stephen Forman"
"5557","Thomas Mount"
"10129","Ryan Rockwell"
"8759","Kenneth Wester"
"8445","Brad Riede"
"8245","Tommie Runnels"
"4708","John Mclain"
"6561","Kevin Campbell"
"5759","Victor Hart"
"F0271","Eric Beal"
"6979","Keith Strickland"
"8227","Steven Hodack"
"8223","Tracy Morgan"
"7389","Michael Clifford"
"3366","Latonia Reed"
"4686","Danny Robinson"
"8944","Rogers Williams"
"7965","Rodney Allen"
"6907","Douglas Brady"
"8578","Brendan Gadomski"
"8889","Christopher Deleon"
"8446","Dacnguyen Nguyen"
"7816","John Berka"
"9932","Gregory Conn"
"7667","John Bynum"
"9150","David Roach"
"6884","Angela Pardue"
"7162","Albert Wagner Iii"
"8299","Johnsey Vann"
"8596","Alan Holmes Jr"
"8103","Richard Foy"
"R230","Kyle Anderson"
"8733","Justin Brandt"
"5047","James Curtis"
"5850","James Bristo"
"9612","Terry Charles"
"10235","Joshua Gonzalez"
"6015","Richard Dukes"
"7394","Christie Thomas"
"6527","Terrance Hopkins"
"7789","Daniel Torres"
"8118","Lindsey Allen"
"7840","Amos Gantt Jr"
"8981","Brian Vogel Ii"
"5164","Thomas Naulty"
"8589","Scott Ash"
"8105","Matthew Peebles"
"5225","Martin Hoffer"
"8611","Garret Hellinger"
"7124","Joseph Lafleur"
"6161","James Weisinger"
"6120","Thomas Kelly Ii"
"6502","Velicia Watts"
"8110","Erik Masonheimer"
"6690","Richard Rivas"
"7000","Jason Perez"
"9740","Matthew Rudolph"
"9123","Christopher Caperton"
"7061","Michael Felini"
"7464","Oliver Price"
"9854","Armando De La Luz"
"7634","Jaime Castro"
"5973","Scott Young"
"9934","Richard Whitt"
"8053","Tyrone Wall"
"9710","Keidric Dixon"
"R220","Ana Arrona"
"8859","Zachary Helm"
"105273","Natividad Esparza"
"9128","Jeffrey Wilson"
"5762","Mitchell Gatson"
"6546","Reginald Woods"
"6241","Brian Reeves"
"9367","Brian Simonds"
"M183","Weldon Paul"
"7746","Lonnie Howard"
"7108","Gregory Rodriguez"
"6804","Michelle Thomas"
"6519","Robert Ott"
"7586","Keitric Jones"
"8363","Patricia Gamez"
"F0241","Natarsha Price"
"6612","Rudolph Jackson Jr"
"9331","Arthur Mathews"
"8665","Jessica Near"
"9139","Miles Sheerin"
"10214","Daniel Riveros"
"9796","Benjamin Oh"
"6311","Charles Tubbs"
"4923","Kevin Nickell"
"8076","Jacob Alanis"
"9746","Christine Smith"
"8931","Dustin Kelly"
"7159","Edwin White"
"5515","Michael Butler"
"4243","Samuel Mandell Jr"
"8218","Chad Jefferson"
"8744","Simone Broadnax"
"6952","Jeffery Ransom"
"9569","Scott Dayton"
"8398","Russell Underwood"
"7617","Donavan Kuhlmann"
"9976","Jeffrey Coleman"
"7546","Robert Hamilton"
"5625","Lester Mills"
"9342","John Lising"
"7991","Keith Tyler"
"9892","Jose Delgado"
"6954","Anthony Whitaker"
"9542","Daniel Espinosa"
"7987","Erick Richards"
"6893","Antonia Ruff"
"8312","Jamie Mcdonald"
"T156","Maria Davilla"
"R295","Justin Prine"
"6155","Michael Morgan"
"109373","Shetara Johnson"
"7492","Silverio Valencia"
"6062","Joseph Chatham"
"5435","Robert Pollard"
"M200","Michael Rumsey"
"6031","Ron Cunningham"
"10246","Victor Espino-Nevarez"
"9044","Matthew Hooker"
"R354","Edward Kaplonski"
"9012","Nathan Swyers"
"9455","Damon Cole"
"7441","Alicia Holland-Barton"
"5937","Christopher Harry"
"5282","James Byas"
"9989","Brian Clendening"
"9974","Justin Ewald"
"7060","Paul Inman"
"5598","Robert Bryan Jr"
"5171","Clifford Norfleet"
"7545","Leandro Garza Jr"
"7513","Deborah Thompson"
"9753","Dennis Dotson"
"8517","Tricia Allen"
"D233","Mary Linarez"
"10185","Antonio Barrientos Jr"
"7224","William Morris"
"9183","Dara Couch"
"6938","Phillip White"
"6689","Regina Herbert"
"9078","Jason Taylor"
"M142","Paul Hansen"
"8077","Kimberly Mraz"
"6652","Bruce Chamberlain Jr"
"92259","Yolanda Washington"
"7398","Jason Cox"
"8678","Matthew Bacon"
"6716","Rajah Jones"
"5023","Patrick Burke"
"6119","Charles Pelts"
"5639","Edward Gilliam"
"110877","John Eubanks"
"10240","Brant Anderson"
"7341","Diana Freeman"
"6538","Marc Sartain"
"4234","Thomas Payne"
"6896","Jimmy Hollis"
"7993","Theotis Williams Jr"
"9434","Samuel Bryant"
"9243","Stephen Thompson"
"4541","Roderick Janich"
"60592","Sonya Nicholson"
"6793","Ramon Gonzalez"
"7357","Francis Crump"
"18601","Sonia Deleon"
"9566","Jason Welk"
"7615","Patty Carter"
"8987","Italy Europe"
"7900","Ryan Monahan"
"7385","Patricia Reyes"
"8979","Adam Thayer"
"57074","Teriann Mitchell"
"5607","Kevin Young"
"3650","Jack Bragg Jr"
"9424","Julio Gonzalez"
"7169","Ahrmann Hunt"
"T221","Tammy Mclean"
"6653","Lawrence Prothro"
"9042","Gary Miles"
"6147","Gregory Weatherford"
"8434","Raymario Sanchez"
"6361","Dale Richardson"
"6013","James Winkle"
"8908","Mario Garcia"
"7886","Shannon Smith"
"8715","Justin Boyce"
"7684","Tami Cleary"
"9285","Juan Fernandez"
"WF 7310","John Roberts"
"6103","Thomas Arnold"
"T244","Ryan Mabbitt"
"7805","Sean Hensley"
"7783","Leshai Maston"
"7813","Stanley Reece"
"109374","Debra Allen"
"8667","Daniel Ek"
"8984","Corey Barnes"
"9148","Mark Bacon"
"5121","Keith Allen"
"8012","Patrick Cronin"
"8580","Reginald Luster"
"6422","Harry Deltufo"
"6871","Wanda West"
"4549","Tony Takats"
"9874","Keith Kind"
"5854","Joseph Maines"
"7878","Steve Hough"
"7571","Lynn Hensley"
"9679","Michael Villanueva"
"9525","Matthew Wagner"
"7636","Damaso Colon-Melendez"
"9021","Brian Mitchell"
"8497","Jason Gindratt"
"9353","Neil Poynor"
"9232","Matthew Bryant"
"6840","Gregory Vanhook Sr"
"5537","Reginald Jones"
"5316","Darrell Dugan Jr"
"9023","Jennifer Logan"
"5728","Eno Fite"
"79378","Sheila Stubblefield"
"8303","Kylee Hawks"
"7629","Kung Seng"
"17715","Angela Davis"
"4398","Steven Perkins"
"10009","Joshua Romero"
"8754","Jordan Grimes"
"4775","David Burroughs"
"8479","Christopher Walton"
"5884","Robert Bernal"
"4703","Paul Keough"
"8602","Frederick Mears"
"6767","Donald Cooper Jr"
"5653","Donald Randle"
"9868","Joseph Robeson"
"7023","Churchill Onyewuchi"
"4394","Marc Hearn"
"8652","Calvin Cross"
"8114","Christopher Montemayor"
"8828","Johnathan Sharkey"
"8135","Dean Weltman"
"9382","Roger Hendrickson Jr"
"4342","Mark Stallo"
"9517","Jason Willis"
"6702","Terrance Scott"
"3907","Madison Jacob"
"4612","Kenneth Wilkins"
"5143","Darrell Coslin"
"7661","Antonio Aleman Jr"
"8843","Matthew Renfro"
"6472","Jeffrey Baum"
"7386","Christine Ramirez"
"7351","Adolfo Perez Iii"
"7043","Luis Rios Iii"
"7523","Amy Ginger"
"47458","Karen Miles"
"7582","Bobby Jones"
"6760","Clarissa Chambers"
"8704","Daniel Fogle"
"7313","Michael Mata"
"10022","Salvatore Coppola"
"R307","Jay Belmarez"
"5334","Latonya Kennedy-Cahee"
"8474","Diana Espinoza"
"8465","Jason Massey"
"10145","James Aldridge"
"7234","Kurt Hibbets"
"9580","Joseph Reyes"
"6854","John Vanorden Iv"
"8442","Terell Mcneal"
"7894","Daniel Smith"
"5618","Paul Jez"
"8838","John Page"
"5863","Berkeley Bailey Jr"
"7400","Steven Moore Jr"
"7025","Lee Allen Jr"
"105995","Velma Mayberry"
"6731","Rodney Brown"
"7354","Kelvin Pope"
"5251","Edward Spila"
"7619","Brian Lamberson"
"7054","Oliver Zimmerman"
"8056","Garry Smith"
"8666","Debra Beezley"
"4712","Tim Robbins"
"5971","Richard Duggan Jr"
"R212","Guadalupe Cardona"
"7557","Christine Bush"
"8635","Cody Brasher"
"8857","Robert Serrano"
"6104","Thomas Sible"
"8321","Emmitt Jackson Jr"
"5268","Joseph Mullen Jr"
"8605","Kakia Lang"
"6853","Bert Rippy"
"7412","Ashaki Hardeman"
"8579","Thang Dinh"
"9416","Cryistal Young"
"8046","Brian Hartger"
"9820","Ryan Hales"
"10166","Julio Flores"
"10001","Marvin Cole Iii"
"7814","Jason Scoggins"
"7918","Samuel Digby Jr"
"9159","David Grubbs Jr"
"9406","John Brow"
"9500","Rebecca Barrios"
"5110","Paul Michel"
"6688","Alfred Nunez"
"8920","Donald Boice"
"R268","Michael Goff"
"F0245","William Moore"
"4883","Carl Wachholz"
"6912","Agustin Serratos"
"6692","Kevin Williams"
"5520","John Neal"
"9922","Emmanuel Romano"
"9186","Lucas Turano"
"4862","Michael Bartis"
"8007","Harry Blust Iv"
"6997","Corey Foreman"
"5366","Cecil Massey"
"5106","Judith Mcgee"
"7649","Kevin Simmons"
"8422","Nekia Tillotson"
"9053","Carrol Clore"
"7836","Daphne Looney"
"5843","Christopher Lezotte"
"8459","Robert Ridley"
"9447","Ryan Swain"
"6102","Eric Keller"
"7659","Willie Ford Jr"
"6630","Marylin Harris"
"10300","Anthony Rucker"
"8683","Tammy Jones"
"8708","Eric Lightle"
"5891","Phillip Elery"
"10143","Andrea Duff"
"7465","Christine Weisskopf"
"7916","Charita Mcnorton"
"6901","Vincent Weddington"
"8256","Joshua Cordes"
"7107","Thomas Mcgrath"
"9583","Thomas Johnson"
"8834","Daniel Canete"
"9437","Ashlei O'neal"
"9321","Antonio Quintanilla"
"6252","Lawrence Allen"
"9575","Steven Baldwin"
"6859","Ronnie Bracksieck"
"7718","Vita Choice"
"9065","Scott Neal"
"7361","Lori Rangel"
"8632","Carlos Cardenas"
"6141","Michael Smith"
"9227","Daryl Webster"
"5585","Danny Muniz"
"5524","Mark Paghi"
"8672","Christopher Wood"
"5638","Timothy Stecker"
"M180","Bernadette Briggs"
"6451","Jose Fonseca"
"9977","Casarae Womble"
"6020","Robin Eisenberg"
"10599","Robert Dorman"
"7898","Jay Darst"
"6512","Dwight Dequire"
"6169","Phillip Elliott"
"7403","Pamela Starr"
"6785","Mario Castanon"
"8551","Timothy Lewis"
"9379","Leonard Anderson"
"6524","Marshall Mclemore"
"6710","Kenneth Francis"
"4614","Craig Woods"
"5691","Willemina Edwards"
"7503","Lonzo Anderson Jr"
"9685","Kyle Tholl"
"10007","Katherine Robinson"
"7397","Sandra Escobar-Valladolid"
"7626","Brewster Billings"
"7662","Ruben Felan Jr"
"10049","Carlos Macabu"
"7246","Robert Mcmillin Jr"
"7146","Kandy Standige"
"8991","Alan Evans"
"7671","Dante Cunningham"
"4498","Terry Stovall"
"8024","William Silvia"
"7276","Terrence Rhodes"
"8780","Wade Dews"
"8718","Colin Humphreys"
"8545","Katherine Silvia"
"8372","Joshua Merkel"
"8561","Rodney Choate"
"8042","Luis Cruz"
"6330","Richard Forness"
"8853","Andrew Shelley"
"7065","Sheldon Smith"
"8089","India Charles-Wilbon"
"6406","Robert Munoz"
"9509","Humberto Trejo Jr."
"7981","John Hepworth"
"7517","Lois Campbell"
"8355","Stacey Avila"
"9467","Angeles Hernandez"
"7430","Todd Conway"
"9115","Kimberly Howard"
"6801","Ivan Gunter"
"5787","Richard Lopez"
"7700","Frank Carcone Jr"
"6353","Curtis Steger"
"118918","Ruth Spurr"
"9550","Jeremy Carter"
"8172","Charles Jones"
"9272","Andrea Isom"
"7241","Kerry Willis"
"9160","Jessica Fehmel"
"9557","Bronda Davis"
"6417","Cheryl Cornish"
"5144","John Childs Jr"
"6889","Rolando Arellano"
"10956","Rafael Deleon"
"8468","Lisa Connaway"
"10957","Megan Rogers"
"8835","Steven Witt"
"10969","Jonathan Fraser"
"10979","John Williams"
"10961","Dontario Harris"
"10602","Anthony Hernandez"
"10965","Franco Hennings"
"10888","Clayton Anderson"
"7515","Monique Alex"
"10968","Dong Nam"
"10973","Bradley Williams"
"10977","Andrew Lehocky"
"10970","Corey Striplin"
"5588","Christopher Harmon"
"10963","Douglas Schultz"
"8420","Ira Carter"
"R298","Alexander Eastman"
"9488","Erica King"
"10964","Carlos Chavez"
"10967","Oziel Arjona"
"10978","William Eichholtz"
"4885","Janice Crowther"
"9274","Glen Delgado"
"8140","Devalon Lee-Arkansas"
"10656","Branden Nichols"
"10971","Angel Cruz"
"4286","Jose Losoya Jr"
"R363","Cedric Taylor"
"5918","David Smith"
"7336","Gerardo Huante"
"6872","Mark Lang"
"T182","Daunisha Tatum"
"9514","Clark Staller"
"7414","Merlin Lofton"
"9501","Terry Varden"
"9317","Andrew Clennell"
"7806","Royson Stacy"
"10976","Jacob Bulls"
"7689","Zenoc Castro"
"7742","Jocelyn Jenkins"
"6865","James Dupuch"
"5958","Robert Cockerill"
"9920","Joshua Cooper"
"8155","Kara Burnside"
"8776","Haydee Duran"
"9503","Laura Roach"
"7765","Matthew Smith"
"6732","James Steverson"
"8085","Stanton Chambers"
"D249","Breshella James"
"6910","Douglas Jones"
"5054","Jeffery Tooker"
"7574","Demarquis Black"
"8567","Edward King"
"7458","Matthew Edwards"
"8967","Salvador Castro"
"6186","Scott Shepherd"
"6615","Larry Jones Jr"
"8590","Dana Heter Iii"
"8318","Noe Camacho"
"4782","Gregory Lowe"
"8565","Jordan Colunga"
"8236","Shane Johnson"
"8655","Daniel Mosher"
"10954","Reynaldo Carrasquillo"
"5275","Catherine Delapaz"
"6823","Leroy Quigg"
"5939","Maury Agent"
"10983","Daniel Ramirez"
"10991","Victor Grantham"
"6862","Patrick Boyett"
"8499","Alena King"
"11001","Enrique Tamargo"
"8785","Walter Mcgruder"
"10997","Dustin Dillard"
"11007","Jewellia Casiano"
"10989","Sasha Biglow"
"10179","Daniel Gomez"
"10998","Charles Schultz"
"10987","Daniel Kim"
"10984","Jose Rayas"
"10990","April Wigley"
"10993","Matthew Kania"
"8624","Jared Holloway"
"10985","Anazogini Kubeer"
"10999","Shadae Lampkin"
"11008","Raphyael Tyson"
"11003","Christy Chamberlain"
"10988","Sean Mulrenan"
"11005","Terry Montgomery"
"10992","Edgar Santiago-Gonzalez"
"8872","Jason Kaup"
"11000","Ronny Neff"
"8408","Victor Lucas"
"11004","Jarvis Haywood"
"11009","Dung Nguyen"
"7423","Kristen Lapiano"
"8386","Jada Farmer"
"9411","Latara Sims"
"10994","Joshua Weldon"
"5340","David Smith"
"7730","Joshua Sanderlin"
"8417","Joshua Hight"
"10982","Aaron Dosal"
"6701","Booker Smith Jr"
"7013","Barrett Nelson"
"9223","Erica Givens"
"7407","Carlos Guzman Jr"
"6844","Diana Thornton"
"6309","Lora Johnson"
"5597","Artealous Christian Iii"
"5229","Pearl Mcdowell"
"120255","Mayra Palomo"
"7943","Randall Messimer"
"8861","Jason Johns"
"9068","Rene Villanueva"
"7015","Deborah Hughbanks"
"8290","Sandra Calanche"
"5015","Jude Braun"
"8917","Eric Weast"
"M221","Byron Branch"
"5674","Elaine Drummer"
"6591","Stephen Bishopp"
"7990","Larvtha Shepard"
"8803","Robert Ramsey"
"8636","Edwin Ducayet Iii"
"6713","James Parnell"
"7287","Stephen Baugh"
"8692","Tara Smith"
"6978","Kimberly Mayfield"
"9968","Colton Johnson"
"8801","James Petty"
"7800","Jeremy Borchardt"
"7887","Kofi Sapon-Amoah"
"5538","Dennis Mumford"
"7381","Tia Nobles"
"7444","Steve Brown"
"6233","Gerald Smalley"
"8662","Joshua Hudgins"
"11025","Onan Dumas"
"11018","Sanja Trtanj"
"11026","Victoria Cordero"
"11035","Ashley Parmley"
"6933","Eric Morales"
"11016","Lakeysha Martinez"
"11011","Louis Nalley"
"11028","Jacob Holmes"
"11013","Jonathan Zarate"
"8588","Stephen Winkler"
"11030","Jennifer Baloney"
"11015","Brandon Dye"
"11023","Juan Lopez"
"5541","Mark Mcclenny"
"10864","Kristopher Mendoza"
"11034","Jeannette Nesom"
"10890","David Disman"
"11031","Cecile Cromartie"
"11010","Reginald Wright"
"11036","Juan Delgado"
"11032","Jeffery Sauvie"
"11012","Scott Herrera"
"7263","Fredie Cohen"
"8008","Rikicia Robinson"
"8350","Johann Ortega"
"5758","Enrique Guzman Jr"
"7751","Jeffrey Loeb"
"6868","Dwayne Thompson"
"6064","Mitchel Bird"
"7544","Gloria Doll"
"6586","Ronald Coulson"
"11019","Danielle Vaji"
"5611","Herbert Cotner"
"7628","Sherri Jeffrey"
"7793","Matthew Kobe"
"11033","Matthew Gronau"
"8086","Breanna Valentine"
"11014","Jamal Pride"
"7928","Alfredo Bedoy Iii"
"5552","Steven O'brien"
"6557","Scott Reinert"
"9545","Joe Lopez"
"11022","Raneen Bazzi"
"8942","Alice Chien"
"7289","William Regan"
"4638","Cynthia Parker-Ferguson"
"11021","Blanca Salazar Williams"
"9030","John Kipp"
"7794","Katrina Ahrens"
"8409","Maria Jones"
"5283","Robert Favors"
"7972","Duane Westerlund"
"7384","William Wells"
"M220","Christopher Cisneros"
"6024","Randy Lancaster"
"6822","Clarence Wooten"
"5066","Eugene Fox"
"8019","Michael Dominguez"
"8645","Dior-Ali Cupid"
"7978","Jeramy Mills"
"11061","Moses Munoz"
"8416","Andrew Dilbeck"
"5695","Marvin Ned"
"8004","Rocio Munoz"
"5540","Jose Mendez"
"7693","Vertis Mckinney Iii"
"7569","Tanya Braun"
"7589","Michael Gonzalez"
"7707","Willie Vick Iii"
"8143","Brownie Cranford"
"6734","Kris Kelly"
"6809","Keith Rieg"
"8543","Dominique Erwin"
"8500","Angel Herring"
"7860","Brandi Kramer"
"8228","Leslie Lowe"
"5651","Robert Benitez"
"4835","Michael Mcmurray"
"11080","Ryan Burchfield"
"5341","Glenn Stone"
"8148","Shemika Rodriguez"
"7863","Gilberto Martinez Iii"
"8282","Diamond Rodgers"
"7854","Jason Jarc"
"5882","Dudley Nosworthy Ii"
"8131","Carol Berry"
"5314","Robert Cummings"
"8489","Melissa Scott"
"4698","Elton Fite"
"7300","Frederick Fairley"
"7288","Robert Sours"
"8440","Kyle Jobson"
"5531","Randy Alexander"
"6483","Kyle Hensley"
"6645","Nicholas Wingo"
"8270","Stephen Cleary"
"7282","Amy Rodgers"
"9985","Matthew Schmidt"
"7335","Gerardo Guardiola"
"4771","John Carr Jr"
"5529","Nathan Williams"
"6376","David Bridges"
"4745","David Welch"
"5411","Mark Colborn"
"7205","Eric Knight"
"7163","Anthony Newsom"
"7462","Christopher Webb"
"5756","Will Mixon"
"8005","Mark Swindell Jr"
"9153","Jeffrey Mcavoy"
"8221","Louis Silvestro"
"11039","Zachary Wohlwend"
"11045","Eric Cervantes"
"11037","Jason Smith"
"11060","Dalton Estes"
"11051","Dionel Ortiz"
"11050","Tiaria Richardson"
"11046","Branson Grisham"
"11044","Fernando Del Rio"
"6964","Gerald Melgoza"
"11052","Blake Cohorst"
"11048","Alexander Leclaire"
"8364","Eduardo Oviedo"
"11047","Elias Wells"
"11056","Edward Resendez"
"9014","Andrew Fifield"
"11041","Moises Lopez"
"11038","Gerardo Rueda"
"11054","Brittany Hall"
"11055","Daisy Mendoza"
"11040","Andrew Rembert"
"11063","Brittany Mingo"
"9361","Brandon Berie"
"11064","Nathan Newman"
"6445","Raymond Milbern Jr"
"34711","Renee Wilson"
"8656","Ross Stinson"
"7460","Samuel Mcdonnold"
"8044","Kevin Masters"
"7809","Martha Lugo"
"7810","Nathan Delahoussaye"
"R352","Faroukh Mehkri"
"9511","Meghan Bailey"
"9523","Cheryl Matthews"
"D215","Stacy Pruitt"
"5593","Brian Smith"
"9608","Marcos Cavazos"
"4877","Philip Strodtman"
"116131","James Johnson"
"8983","Aundrea Vann"
"5954","Cmon Wingo"
"8907","Jeffrey Kennard"
"6487","Tammy Huel"
"9064","Meagan Land"
"6168","Philip Musgrove"
"8197","Sharla Croson"
"5955","Peter Malik"
"8276","John Forsha"
"6687","Stephen Gross"
"9508","Lorenzo Carranza"
"8950","David Smart"
"5577","Paul Rodgers"
